,temp,reasoning,entailment,checker,metric,correctness,part,acc,acc_ci_l,acc_ci_u,auc,auc_ci_l,auc_ci_u,acc_fmt,auc_fmt
0,1.0,False,Entail.GPT,Entail.GPT,entropy,cluster_correct_strict,full,0.41136826347305383,0.4106425903247456,0.41209393662136207,0.7832654838939059,0.7601141461686636,0.8064168216191483,0.41 (0.41 - 0.41),0.78 (0.76 - 0.81)
1,1.0,False,Entail.GPT,Entail.GPT,entropy,cluster_correct_relaxed,full,0.5621706586826348,0.5614319486097601,0.5629093687555096,0.7431895560809955,0.7199894381470475,0.7663896740149434,0.56 (0.56 - 0.56),0.74 (0.72 - 0.77)
2,1.0,False,Entail.GPT,Entail.GPT,entropy,cluster_correct_majority,full,0.49141556886227544,0.4906686118950177,0.4921625258295332,0.7635579007473147,0.7407031011374826,0.7864127003571467,0.49 (0.49 - 0.49),0.76 (0.74 - 0.79)
3,1.0,False,Entail.GPT,Entail.GPT,entropy,cluster_correct_lowest,full,0.499797005988024,0.49903041392573166,0.5005635980503164,0.7575083473890744,0.7344908922706357,0.780525802507513,0.50 (0.50 - 0.50),0.76 (0.73 - 0.78)
4,1.0,False,Entail.GPT,Entail.GPT,entropy,cluster_correct_oneshot_all,full,0.4020269461077844,0.40127723758770034,0.40277665462786844,0.8350435991029678,0.8142174601224075,0.8558697380835281,0.40 (0.40 - 0.40),0.84 (0.81 - 0.86)
5,1.0,False,Entail.GPT,Entail.GPT,entropy,cluster_correct_oneshot_most,full,0.6363041916167665,0.6355875869068248,0.6370207963267083,0.717678288234711,0.6934187436662617,0.7419378328031604,0.64 (0.64 - 0.64),0.72 (0.69 - 0.74)
6,1.0,False,Entail.GPT,Entail.GPT,entropy,cluster_correct_strict,part1,0.49740332906530094,0.49630728677640096,0.4984993713542009,0.7928569554838542,0.7612944618863664,0.8244194490813419,0.50 (0.50 - 0.50),0.79 (0.76 - 0.82)
7,1.0,False,Entail.GPT,Entail.GPT,entropy,cluster_correct_relaxed,part1,0.633729833546735,0.632648320543557,0.6348113465499129,0.7522850886487249,0.7188226633100091,0.7857475139874407,0.63 (0.63 - 0.63),0.75 (0.72 - 0.79)
8,1.0,False,Entail.GPT,Entail.GPT,entropy,cluster_correct_majority,part1,0.5724110115236877,0.571339184198559,0.5734828388488163,0.7686037321330492,0.7361941169080866,0.8010133473580119,0.57 (0.57 - 0.57),0.77 (0.74 - 0.80)
9,1.0,False,Entail.GPT,Entail.GPT,entropy,cluster_correct_lowest,part1,0.576121638924456,0.5750094101387418,0.5772338677101702,0.76580731789191,0.7332386884869377,0.7983759472968823,0.58 (0.58 - 0.58),0.77 (0.73 - 0.80)
10,1.0,False,Entail.GPT,Entail.GPT,entropy,cluster_correct_oneshot_all,part1,0.5102586427656851,0.5091886336654717,0.5113286518658985,0.8178889632458108,0.7882672011327272,0.8475107253588945,0.51 (0.51 - 0.51),0.82 (0.79 - 0.85)
11,1.0,False,Entail.GPT,Entail.GPT,entropy,cluster_correct_oneshot_most,part1,0.7009193341869399,0.6998825088267873,0.7019561595470925,0.7173393334270848,0.6808621252535617,0.7538165416006078,0.70 (0.70 - 0.70),0.72 (0.68 - 0.75)
12,1.0,False,Entail.GPT,Entail.GPT,entropy,cluster_correct_strict,part2,0.33582902137232845,0.334817902702182,0.3368401400424749,0.751416663827661,0.7156907563443289,0.7871425713109932,0.34 (0.33 - 0.34),0.75 (0.72 - 0.79)
13,1.0,False,Entail.GPT,Entail.GPT,entropy,cluster_correct_relaxed,part2,0.4998110236220472,0.4987881460721236,0.5008339011719708,0.7155076424739347,0.6819635279860454,0.749051756961824,0.50 (0.50 - 0.50),0.72 (0.68 - 0.75)
14,1.0,False,Entail.GPT,Entail.GPT,entropy,cluster_correct_majority,part2,0.42032958380202473,0.4193029677334782,0.42135619987057127,0.7383313431286018,0.7045203564384097,0.7721423298187939,0.42 (0.42 - 0.42),0.74 (0.70 - 0.77)
15,1.0,False,Entail.GPT,Entail.GPT,entropy,cluster_correct_lowest,part2,0.43229921259842524,0.4312608519912426,0.4333375732056079,0.7300226897689769,0.6960791693707344,0.7639662101672193,0.43 (0.43 - 0.43),0.73 (0.70 - 0.76)
16,1.0,False,Entail.GPT,Entail.GPT,entropy,cluster_correct_oneshot_all,part2,0.30695050618672665,0.30600507686546546,0.30789593550798783,0.8330300651729224,0.8011729423566694,0.8648871879891755,0.31 (0.31 - 0.31),0.83 (0.80 - 0.86)
17,1.0,False,Entail.GPT,Entail.GPT,entropy,cluster_correct_oneshot_most,part2,0.5791361079865016,0.5781185086138338,0.5801537073591694,0.7005918695810187,0.6667899192885961,0.7343938198734413,0.58 (0.58 - 0.58),0.70 (0.67 - 0.73)
18,1.0,False,Entail.GPT,Entail.GPT,entropy,cluster_correct_strict,knowledge,0.45589722222222223,0.4549440092665435,0.45685043517790097,0.7747096488833447,0.7463444057003743,0.8030748920663151,0.46 (0.45 - 0.46),0.77 (0.75 - 0.80)
19,1.0,False,Entail.GPT,Entail.GPT,entropy,cluster_correct_relaxed,knowledge,0.6236703703703704,0.622739489059042,0.6246012516816989,0.7257239332855828,0.696000081576843,0.7554477849943226,0.62 (0.62 - 0.62),0.73 (0.70 - 0.76)
20,1.0,False,Entail.GPT,Entail.GPT,entropy,cluster_correct_majority,knowledge,0.5481092592592592,0.5471759992572635,0.549042519261255,0.7483142722640673,0.7196407778934572,0.7769877666346775,0.55 (0.55 - 0.55),0.75 (0.72 - 0.78)
21,1.0,False,Entail.GPT,Entail.GPT,entropy,cluster_correct_lowest,knowledge,0.5578481481481481,0.5569211322422734,0.5587751640540228,0.7444225413811445,0.7156111877124861,0.7732338950498029,0.56 (0.56 - 0.56),0.74 (0.72 - 0.77)
22,1.0,False,Entail.GPT,Entail.GPT,entropy,cluster_correct_oneshot_all,knowledge,0.450137962962963,0.4491859947654338,0.4510899311604922,0.8314177439691843,0.8062287372447341,0.8566067506936346,0.45 (0.45 - 0.45),0.83 (0.81 - 0.86)
23,1.0,False,Entail.GPT,Entail.GPT,entropy,cluster_correct_oneshot_most,knowledge,0.6760018518518518,0.675098895713212,0.6769048079904916,0.7253855185909981,0.6951716576962005,0.7555993794857957,0.68 (0.68 - 0.68),0.73 (0.70 - 0.76)
24,1.0,False,Entail.GPT,Entail.GPT,entropy,cluster_correct_strict,reasoning,0.3274949152542373,0.32630473330775,0.3286850972007246,0.7916759113036895,0.7500961500251095,0.8332556725822695,0.33 (0.33 - 0.33),0.79 (0.75 - 0.83)
25,1.0,False,Entail.GPT,Entail.GPT,entropy,cluster_correct_relaxed,reasoning,0.448835593220339,0.44757817802063077,0.45009300842004724,0.758699564586357,0.7190935671813078,0.7983055619914062,0.45 (0.45 - 0.45),0.76 (0.72 - 0.80)
26,1.0,False,Entail.GPT,Entail.GPT,entropy,cluster_correct_majority,reasoning,0.3874762711864407,0.3862109395716028,0.38874160280127856,0.7803287810424706,0.7404293111327479,0.8202282509521933,0.39 (0.39 - 0.39),0.78 (0.74 - 0.82)
27,1.0,False,Entail.GPT,Entail.GPT,entropy,cluster_correct_lowest,reasoning,0.3916135593220339,0.39034234713753346,0.39288477150653434,0.7699357281529984,0.7294502936555458,0.8104211626504509,0.39 (0.39 - 0.39),0.77 (0.73 - 0.81)
28,1.0,False,Entail.GPT,Entail.GPT,entropy,cluster_correct_oneshot_all,reasoning,0.31447118644067795,0.31327001249999975,0.31567236038135615,0.8367268178430746,0.7983790691245494,0.8750745665615998,0.31 (0.31 - 0.32),0.84 (0.80 - 0.88)
29,1.0,False,Entail.GPT,Entail.GPT,entropy,cluster_correct_oneshot_most,reasoning,0.5622559322033899,0.560927257184256,0.5635846072225238,0.6914518539273373,0.6494802784218611,0.7334234294328136,0.56 (0.56 - 0.56),0.69 (0.65 - 0.73)
30,1.0,False,Entail.GPT,Entail.GPT,entropy,cluster_correct_strict,short,0.8439999999999999,0.8400414503038861,0.8479585496961136,0.8285714285714285,0.6662067982767373,0.9909360588661197,0.84 (0.84 - 0.85),0.83 (0.67 - 0.99)
31,1.0,False,Entail.GPT,Entail.GPT,entropy,cluster_correct_relaxed,short,0.8802727272727272,0.8767316334096782,0.8838138211357762,0.8793103448275862,0.7413053058064949,1.0,0.88 (0.88 - 0.88),0.88 (0.74 - 1.00)
32,1.0,False,Entail.GPT,Entail.GPT,entropy,cluster_correct_majority,short,0.8763636363636362,0.8727461602434308,0.8799811124838417,0.8793103448275862,0.7413053058064949,1.0,0.88 (0.87 - 0.88),0.88 (0.74 - 1.00)
33,1.0,False,Entail.GPT,Entail.GPT,entropy,cluster_correct_lowest,short,0.8773939393939394,0.8738472289229905,0.8809406498648883,0.8793103448275862,0.7413053058064949,1.0,0.88 (0.87 - 0.88),0.88 (0.74 - 1.00)
34,1.0,False,Entail.GPT,Entail.GPT,entropy,cluster_correct_oneshot_all,short,0.6998484848484849,0.6946009454312227,0.7050960242657471,0.9565217391304348,0.8902818437984196,1.0,0.70 (0.69 - 0.71),0.96 (0.89 - 1.00)
35,1.0,False,Entail.GPT,Entail.GPT,entropy,cluster_correct_oneshot_most,short,0.8823636363636362,0.8789331152278352,0.8857941574994372,0.8793103448275862,0.7413053058064949,1.0,0.88 (0.88 - 0.89),0.88 (0.74 - 1.00)
36,1.0,False,Entail.GPT,Entail.GPT,entropy,cluster_correct_strict,long,0.24861743772241993,0.24751886524555902,0.24971601019928083,0.7665538253215978,0.7171227157012294,0.8159849349419661,0.25 (0.25 - 0.25),0.77 (0.72 - 0.82)
37,1.0,False,Entail.GPT,Entail.GPT,entropy,cluster_correct_relaxed,long,0.4491903914590747,0.44789747176837297,0.4504833111497764,0.7249231950844854,0.6823293974335881,0.7675169927353828,0.45 (0.45 - 0.45),0.72 (0.68 - 0.77)
38,1.0,False,Entail.GPT,Entail.GPT,entropy,cluster_correct_majority,long,0.35017081850533804,0.3488986610186909,0.3514429759919852,0.7346916069814339,0.6894828987028762,0.7799003152599916,0.35 (0.35 - 0.35),0.73 (0.69 - 0.78)
39,1.0,False,Entail.GPT,Entail.GPT,entropy,cluster_correct_lowest,long,0.363729537366548,0.36242974987139776,0.36502932486169826,0.7335519573683132,0.6888738805590711,0.7782300341775554,0.36 (0.36 - 0.37),0.73 (0.69 - 0.78)
40,1.0,False,Entail.GPT,Entail.GPT,entropy,cluster_correct_oneshot_all,long,0.289220640569395,0.2881070580803834,0.2903342230584066,0.7984993157740978,0.7543734001824209,0.8426252313657747,0.29 (0.29 - 0.29),0.80 (0.75 - 0.84)
41,1.0,False,Entail.GPT,Entail.GPT,entropy,cluster_correct_oneshot_most,long,0.6010516014234875,0.5998173490389683,0.6022858538080066,0.690154797125951,0.6469828134158072,0.7333267808360947,0.60 (0.60 - 0.60),0.69 (0.65 - 0.73)
42,1.0,False,Entail.GPT,Entail.GPT,dentropy,cluster_correct_strict,full,0.4107586826347306,0.4100399126660462,0.41147745260341495,0.7585693249425206,0.7344480162135799,0.7826906336714613,0.41 (0.41 - 0.41),0.76 (0.73 - 0.78)
43,1.0,False,Entail.GPT,Entail.GPT,dentropy,cluster_correct_relaxed,full,0.5623724550898204,0.5616149190910974,0.5631299910885433,0.7531930671072203,0.7303786409553462,0.7760074932590945,0.56 (0.56 - 0.56),0.75 (0.73 - 0.78)
44,1.0,False,Entail.GPT,Entail.GPT,dentropy,cluster_correct_majority,full,0.49162455089820356,0.4908718241598209,0.49237727763658623,0.7549226789703155,0.7317370567972038,0.7781083011434272,0.49 (0.49 - 0.49),0.75 (0.73 - 0.78)
45,1.0,False,Entail.GPT,Entail.GPT,dentropy,cluster_correct_lowest,full,0.4999383233532934,0.4991779953102747,0.5006986513963121,0.7534730588734754,0.7303029782859243,0.7766431394610265,0.50 (0.50 - 0.50),0.75 (0.73 - 0.78)
46,1.0,False,Entail.GPT,Entail.GPT,dentropy,cluster_correct_oneshot_all,full,0.40248023952095807,0.4017186900869853,0.40324178895493085,0.8315373306136082,0.8105221059239155,0.852552555303301,0.40 (0.40 - 0.40),0.83 (0.81 - 0.85)
47,1.0,False,Entail.GPT,Entail.GPT,dentropy,cluster_correct_oneshot_most,full,0.6355892215568862,0.634867119259481,0.6363113238542915,0.7310096392110219,0.7072574592503207,0.7547618191717231,0.64 (0.63 - 0.64),0.73 (0.71 - 0.75)
48,1.0,False,Entail.GPT,Entail.GPT,dentropy,cluster_correct_strict,part1,0.4962368758002561,0.4951448544453627,0.4973288971551495,0.7578467249022849,0.7241602060861895,0.7915332437183803,0.50 (0.50 - 0.50),0.76 (0.72 - 0.79)
49,1.0,False,Entail.GPT,Entail.GPT,dentropy,cluster_correct_relaxed,part1,0.6334289372599231,0.6323598147279448,0.6344980597919014,0.7563148972239881,0.7231054230905871,0.7895243713573892,0.63 (0.63 - 0.63),0.76 (0.72 - 0.79)
50,1.0,False,Entail.GPT,Entail.GPT,dentropy,cluster_correct_majority,part1,0.5723367477592831,0.5712212779608794,0.5734522175576868,0.7518453026832241,0.7184298386354656,0.7852607667309827,0.57 (0.57 - 0.57),0.75 (0.72 - 0.79)
51,1.0,False,Entail.GPT,Entail.GPT,dentropy,cluster_correct_lowest,part1,0.5759910371318822,0.5749083354991645,0.5770737387645998,0.7538368580060423,0.7205483382119505,0.787125377800134,0.58 (0.57 - 0.58),0.75 (0.72 - 0.79)
52,1.0,False,Entail.GPT,Entail.GPT,dentropy,cluster_correct_oneshot_all,part1,0.5113149807938541,0.5101900753791015,0.5124398862086066,0.8038748704221287,0.7732483298437942,0.8345014110004632,0.51 (0.51 - 0.51),0.80 (0.77 - 0.83)
53,1.0,False,Entail.GPT,Entail.GPT,dentropy,cluster_correct_oneshot_most,part1,0.7004199743918054,0.6993883864389265,0.7014515623446842,0.7205151642994422,0.6842303275266458,0.7568000010722385,0.70 (0.70 - 0.70),0.72 (0.68 - 0.76)
54,1.0,False,Entail.GPT,Entail.GPT,dentropy,cluster_correct_strict,part2,0.3359583802024747,0.3349609863916168,0.3369557740133326,0.7357311575193904,0.6992872528076093,0.7721750622311716,0.34 (0.33 - 0.34),0.74 (0.70 - 0.77)
55,1.0,False,Entail.GPT,Entail.GPT,dentropy,cluster_correct_relaxed,part2,0.49956692913385825,0.49854776019019353,0.500586098077523,0.734006478388501,0.701286563855514,0.7667263929214879,0.50 (0.50 - 0.50),0.73 (0.70 - 0.77)
56,1.0,False,Entail.GPT,Entail.GPT,dentropy,cluster_correct_majority,part2,0.4213700787401575,0.4203101807924078,0.42242997668790727,0.7379082082965578,0.704078046581672,0.7717383700114436,0.42 (0.42 - 0.42),0.74 (0.70 - 0.77)
57,1.0,False,Entail.GPT,Entail.GPT,dentropy,cluster_correct_lowest,part2,0.4321946006749156,0.4311685337803645,0.4332206675694667,0.7348365305280529,0.7011056559051969,0.7685674051509088,0.43 (0.43 - 0.43),0.73 (0.70 - 0.77)
58,1.0,False,Entail.GPT,Entail.GPT,dentropy,cluster_correct_oneshot_all,part2,0.30750731158605177,0.30655052183943426,0.30846410133266927,0.8404779744065458,0.8092074072882318,0.8717485415248598,0.31 (0.31 - 0.31),0.84 (0.81 - 0.87)
59,1.0,False,Entail.GPT,Entail.GPT,dentropy,cluster_correct_oneshot_most,part2,0.5787919010123735,0.5777632750689471,0.5798205269558,0.723485281138051,0.6907284767892212,0.7562420854868808,0.58 (0.58 - 0.58),0.72 (0.69 - 0.76)
60,1.0,False,Entail.GPT,Entail.GPT,dentropy,cluster_correct_strict,knowledge,0.45591018518518517,0.45499724798871083,0.4568231223816595,0.746353549350187,0.7166542152702496,0.7760528834301245,0.46 (0.45 - 0.46),0.75 (0.72 - 0.78)
61,1.0,False,Entail.GPT,Entail.GPT,dentropy,cluster_correct_relaxed,knowledge,0.6240555555555556,0.6231197028714408,0.6249914082396704,0.73324830802064,0.7038823084901196,0.7626143075511604,0.62 (0.62 - 0.62),0.73 (0.70 - 0.76)
62,1.0,False,Entail.GPT,Entail.GPT,dentropy,cluster_correct_majority,knowledge,0.5479120370370371,0.5469685637469678,0.5488555103271063,0.7365245624723084,0.7073079392731767,0.76574118567144,0.55 (0.55 - 0.55),0.74 (0.71 - 0.77)
63,1.0,False,Entail.GPT,Entail.GPT,dentropy,cluster_correct_lowest,knowledge,0.5578574074074074,0.5569123578544111,0.5588024569604038,0.7353831819240625,0.7061559665425033,0.7646103973056216,0.56 (0.56 - 0.56),0.74 (0.71 - 0.76)
64,1.0,False,Entail.GPT,Entail.GPT,dentropy,cluster_correct_oneshot_all,knowledge,0.4495111111111112,0.4485713713026714,0.450450850919551,0.8153257541117622,0.7891123416157773,0.8415391666077472,0.45 (0.45 - 0.45),0.82 (0.79 - 0.84)
65,1.0,False,Entail.GPT,Entail.GPT,dentropy,cluster_correct_oneshot_most,knowledge,0.6755333333333333,0.6746396992353977,0.676426967431269,0.7272798434442269,0.6971622301945968,0.757397456693857,0.68 (0.67 - 0.68),0.73 (0.70 - 0.76)
66,1.0,False,Entail.GPT,Entail.GPT,dentropy,cluster_correct_strict,reasoning,0.32709830508474574,0.32589389549389286,0.32830271467559863,0.7633024888738075,0.7197737358062456,0.8068312419413693,0.33 (0.33 - 0.33),0.76 (0.72 - 0.81)
67,1.0,False,Entail.GPT,Entail.GPT,dentropy,cluster_correct_relaxed,reasoning,0.44997118644067796,0.44876783171192564,0.4511745411694303,0.7638258345428157,0.7245461252741182,0.8031055438115132,0.45 (0.45 - 0.45),0.76 (0.72 - 0.80)
68,1.0,False,Entail.GPT,Entail.GPT,dentropy,cluster_correct_majority,reasoning,0.38829152542372886,0.3870625455674214,0.3895205052800363,0.7669380299749604,0.7261439081129996,0.8077321518369213,0.39 (0.39 - 0.39),0.77 (0.73 - 0.81)
69,1.0,False,Entail.GPT,Entail.GPT,dentropy,cluster_correct_lowest,reasoning,0.391135593220339,0.3899515544407618,0.39231963199991615,0.7640210300377432,0.7231541373355999,0.8048879227398866,0.39 (0.39 - 0.39),0.76 (0.72 - 0.80)
70,1.0,False,Entail.GPT,Entail.GPT,dentropy,cluster_correct_oneshot_all,reasoning,0.31581186440677966,0.3146634936545459,0.31696023515901345,0.8495155967209624,0.812442116245175,0.8865890771967498,0.32 (0.31 - 0.32),0.85 (0.81 - 0.89)
71,1.0,False,Entail.GPT,Entail.GPT,dentropy,cluster_correct_oneshot_most,reasoning,0.5628474576271186,0.5616161270419631,0.5640787882122742,0.7170892873820864,0.6764718404366524,0.7577067343275204,0.56 (0.56 - 0.56),0.72 (0.68 - 0.76)
72,1.0,False,Entail.GPT,Entail.GPT,dentropy,cluster_correct_strict,short,0.8495757575757575,0.845762174524349,0.8533893406271661,0.7071428571428571,0.4838649394679724,0.9304207748177418,0.85 (0.85 - 0.85),0.71 (0.48 - 0.93)
73,1.0,False,Entail.GPT,Entail.GPT,dentropy,cluster_correct_relaxed,short,0.877090909090909,0.8736374367506199,0.8805443814311982,0.7887931034482758,0.5894077066206994,0.9881785002758522,0.88 (0.87 - 0.88),0.79 (0.59 - 0.99)
74,1.0,False,Entail.GPT,Entail.GPT,dentropy,cluster_correct_majority,short,0.8797272727272728,0.8762467478438543,0.8832077976106913,0.7887931034482758,0.5894077066206994,0.9881785002758522,0.88 (0.88 - 0.88),0.79 (0.59 - 0.99)
75,1.0,False,Entail.GPT,Entail.GPT,dentropy,cluster_correct_lowest,short,0.8803939393939393,0.8768911111328055,0.8838967676550731,0.7887931034482758,0.5894077066206994,0.9881785002758522,0.88 (0.88 - 0.88),0.79 (0.59 - 0.99)
76,1.0,False,Entail.GPT,Entail.GPT,dentropy,cluster_correct_oneshot_all,short,0.6985454545454545,0.6936242460522478,0.7034666630386611,0.8891304347826087,0.7785133599233703,0.999747509641847,0.70 (0.69 - 0.70),0.89 (0.78 - 1.00)
77,1.0,False,Entail.GPT,Entail.GPT,dentropy,cluster_correct_oneshot_most,short,0.878121212121212,0.8745568254931191,0.8816855987493049,0.7887931034482758,0.5894077066206994,0.9881785002758522,0.88 (0.87 - 0.88),0.79 (0.59 - 0.99)
78,1.0,False,Entail.GPT,Entail.GPT,dentropy,cluster_correct_strict,long,0.2487081850533808,0.24760116062092502,0.24981520948583658,0.740470548408937,0.689396637362503,0.791544459455371,0.25 (0.25 - 0.25),0.74 (0.69 - 0.79)
79,1.0,False,Entail.GPT,Entail.GPT,dentropy,cluster_correct_relaxed,long,0.4482918149466192,0.4470392552004973,0.44954437469274106,0.7306899641577062,0.6884117304589535,0.7729681978564588,0.45 (0.45 - 0.45),0.73 (0.69 - 0.77)
80,1.0,False,Entail.GPT,Entail.GPT,dentropy,cluster_correct_majority,long,0.348950177935943,0.34772646273350805,0.350173893138378,0.7248174674918294,0.6790858209679665,0.7705491140156923,0.35 (0.35 - 0.35),0.72 (0.68 - 0.77)
81,1.0,False,Entail.GPT,Entail.GPT,dentropy,cluster_correct_lowest,long,0.36409252669039144,0.3628416810472308,0.3653433723335521,0.7277720844435335,0.6827851073688311,0.7727590615182358,0.36 (0.36 - 0.37),0.73 (0.68 - 0.77)
82,1.0,False,Entail.GPT,Entail.GPT,dentropy,cluster_correct_oneshot_all,long,0.289585409252669,0.2884061601939228,0.29076465831141524,0.7988606485539002,0.7547639217868197,0.8429573753209806,0.29 (0.29 - 0.29),0.80 (0.75 - 0.84)
83,1.0,False,Entail.GPT,Entail.GPT,dentropy,cluster_correct_oneshot_most,long,0.6012651245551601,0.5999375877398827,0.6025926613704375,0.6925124154691462,0.6494667404303713,0.7355580905079211,0.60 (0.60 - 0.60),0.69 (0.65 - 0.74)
84,1.0,False,Entail.GPT,Entail.GPT,perplexity,perplexity_correct,full,0.50752874251497,0.5067613956101282,0.5082960894198119,0.622122823602996,0.5954711456393899,0.6487745015666021,0.51 (0.51 - 0.51),0.62 (0.60 - 0.65)
85,1.0,False,Entail.GPT,Entail.GPT,perplexity,perplexity_correct,part1,0.6014084507042253,0.6002979690677571,0.6025189323406935,0.6590066361086406,0.6210921211367296,0.6969211510805516,0.60 (0.60 - 0.60),0.66 (0.62 - 0.70)
86,1.0,False,Entail.GPT,Entail.GPT,perplexity,perplexity_correct,part2,0.4242924634420697,0.42330601350615094,0.4252789133779885,0.5914290450928381,0.553447488806249,0.6294106013794272,0.42 (0.42 - 0.43),0.59 (0.55 - 0.63)
87,1.0,False,Entail.GPT,Entail.GPT,perplexity,perplexity_correct,knowledge,0.5753175925925925,0.5743914085576408,0.5762437766275442,0.6717817561807332,0.6400774453643001,0.7034860669971663,0.58 (0.57 - 0.58),0.67 (0.64 - 0.70)
88,1.0,False,Entail.GPT,Entail.GPT,perplexity,perplexity_correct,reasoning,0.38268474576271183,0.3814615904570445,0.3839079010683792,0.6553778080326753,0.6091765276798614,0.7015790883854892,0.38 (0.38 - 0.38),0.66 (0.61 - 0.70)
89,1.0,False,Entail.GPT,Entail.GPT,perplexity,perplexity_correct,short,0.817121212121212,0.8129290874875703,0.8213133367548537,0.8209876543209876,0.6625598703301476,0.9794154383118276,0.82 (0.81 - 0.82),0.82 (0.66 - 0.98)
90,1.0,False,Entail.GPT,Entail.GPT,perplexity,perplexity_correct,long,0.3843131672597865,0.38302262620315075,0.3856037083164222,0.635690965532006,0.5878219618574411,0.6835599692065709,0.38 (0.38 - 0.39),0.64 (0.59 - 0.68)
91,1.0,False,Entail.ONESHOT,Entail.GPT,entropy,cluster_correct_strict,full,0.4214251497005988,0.42066204111567707,0.42218825828552053,0.7405917319921566,0.716009423130699,0.7651740408536141,0.42 (0.42 - 0.42),0.74 (0.72 - 0.77)
92,1.0,False,Entail.ONESHOT,Entail.GPT,entropy,cluster_correct_relaxed,full,0.5294461077844312,0.52868266102781,0.5302095545410525,0.706275258194881,0.6817034436444281,0.7308470727453339,0.53 (0.53 - 0.53),0.71 (0.68 - 0.73)
93,1.0,False,Entail.ONESHOT,Entail.GPT,entropy,cluster_correct_majority,full,0.4760017964071856,0.47524012467915905,0.47676346813521214,0.7301965858041329,0.705990212243011,0.7544029593652549,0.48 (0.48 - 0.48),0.73 (0.71 - 0.75)
94,1.0,False,Entail.ONESHOT,Entail.GPT,entropy,cluster_correct_lowest,full,0.4773982035928144,0.4766107639944041,0.47818564319122464,0.7262565818215262,0.7019403121327574,0.750572851510295,0.48 (0.48 - 0.48),0.73 (0.70 - 0.75)
95,1.0,False,Entail.ONESHOT,Entail.GPT,entropy,cluster_correct_oneshot_all,full,0.3917616766467066,0.3910274150615128,0.3924959382319004,0.791357037559046,0.7681807601765552,0.8145333149415367,0.39 (0.39 - 0.39),0.79 (0.77 - 0.81)
96,1.0,False,Entail.ONESHOT,Entail.GPT,entropy,cluster_correct_oneshot_most,full,0.6149083832335329,0.614185071836566,0.6156316946304998,0.6738223486850374,0.6482416100434969,0.699403087326578,0.61 (0.61 - 0.62),0.67 (0.65 - 0.70)
97,1.0,False,Entail.ONESHOT,Entail.GPT,entropy,cluster_correct_strict,part1,0.4875608194622279,0.48646886012001883,0.48865277880443697,0.7551968503937008,0.7212415781209542,0.7891521226664473,0.49 (0.49 - 0.49),0.76 (0.72 - 0.79)
98,1.0,False,Entail.ONESHOT,Entail.GPT,entropy,cluster_correct_relaxed,part1,0.5909039692701665,0.5898070976318296,0.5920008409085035,0.7216613063008048,0.6866085332020314,0.7567140793995782,0.59 (0.59 - 0.59),0.72 (0.69 - 0.76)
99,1.0,False,Entail.ONESHOT,Entail.GPT,entropy,cluster_correct_majority,part1,0.5477464788732395,0.5466559938163378,0.5488369639301411,0.738158904980011,0.7038802643552478,0.7724375456047743,0.55 (0.55 - 0.55),0.74 (0.70 - 0.77)
100,1.0,False,Entail.ONESHOT,Entail.GPT,entropy,cluster_correct_lowest,part1,0.5485877080665813,0.5474320714360665,0.5497433446970961,0.7378880589107861,0.7036019747683863,0.772174143053186,0.55 (0.55 - 0.55),0.74 (0.70 - 0.77)
101,1.0,False,Entail.ONESHOT,Entail.GPT,entropy,cluster_correct_oneshot_all,part1,0.4921101152368758,0.49098633483138027,0.49323389564237136,0.7770780856423174,0.7444434169805633,0.8097127543040715,0.49 (0.49 - 0.49),0.78 (0.74 - 0.81)
102,1.0,False,Entail.ONESHOT,Entail.GPT,entropy,cluster_correct_oneshot_most,part1,0.6755928297055057,0.6745646304233557,0.6766210289876557,0.6652368547131393,0.6265379620533763,0.7039357473729023,0.68 (0.67 - 0.68),0.67 (0.63 - 0.70)
103,1.0,False,Entail.ONESHOT,Entail.GPT,entropy,cluster_correct_strict,part2,0.36192688413948254,0.3609307829390576,0.36292298533990747,0.7123960695389266,0.6759467811212234,0.7488453579566299,0.36 (0.36 - 0.36),0.71 (0.68 - 0.75)
104,1.0,False,Entail.ONESHOT,Entail.GPT,entropy,cluster_correct_relaxed,part2,0.47446569178852643,0.4734252674127231,0.47550611616432975,0.678704446045648,0.6434867766917595,0.7139221153995364,0.47 (0.47 - 0.48),0.68 (0.64 - 0.71)
105,1.0,False,Entail.ONESHOT,Entail.GPT,entropy,cluster_correct_majority,part2,0.41319460067491565,0.412143524817139,0.4142456765326923,0.7072149665403448,0.6719379289886281,0.7424920040920614,0.41 (0.41 - 0.41),0.71 (0.67 - 0.74)
106,1.0,False,Entail.ONESHOT,Entail.GPT,entropy,cluster_correct_lowest,part2,0.4150168728908886,0.4139903670801752,0.416043378701602,0.6995518032103397,0.6640426588457978,0.7350609475748816,0.42 (0.41 - 0.42),0.70 (0.66 - 0.74)
107,1.0,False,Entail.ONESHOT,Entail.GPT,entropy,cluster_correct_oneshot_all,part2,0.30223847019122607,0.30128174197957047,0.30319519840288167,0.7912219690610385,0.7562890523581387,0.8261548857639383,0.30 (0.30 - 0.30),0.79 (0.76 - 0.83)
108,1.0,False,Entail.ONESHOT,Entail.GPT,entropy,cluster_correct_oneshot_most,part2,0.5607536557930259,0.5596960453343978,0.5618112662516541,0.6658136786393298,0.630668421102376,0.7009589361762837,0.56 (0.56 - 0.56),0.67 (0.63 - 0.70)
109,1.0,False,Entail.ONESHOT,Entail.GPT,entropy,cluster_correct_strict,knowledge,0.46718055555555554,0.46621012166240217,0.4681509894487089,0.7286361882716049,0.6983428475134997,0.7589295290297101,0.47 (0.47 - 0.47),0.73 (0.70 - 0.76)
110,1.0,False,Entail.ONESHOT,Entail.GPT,entropy,cluster_correct_relaxed,knowledge,0.5845944444444444,0.5836574111511156,0.5855314777377733,0.7071957757863045,0.6767902951797394,0.7376012563928697,0.58 (0.58 - 0.59),0.71 (0.68 - 0.74)
111,1.0,False,Entail.ONESHOT,Entail.GPT,entropy,cluster_correct_majority,knowledge,0.5262101851851851,0.5252838955416953,0.527136474828675,0.7256856569102114,0.6958754032264932,0.7554959105939295,0.53 (0.53 - 0.53),0.73 (0.70 - 0.76)
112,1.0,False,Entail.ONESHOT,Entail.GPT,entropy,cluster_correct_lowest,knowledge,0.526626851851852,0.5257022826025376,0.5275514211011664,0.7208891212309851,0.6908874979319432,0.7508907445300271,0.53 (0.53 - 0.53),0.72 (0.69 - 0.75)
113,1.0,False,Entail.ONESHOT,Entail.GPT,entropy,cluster_correct_oneshot_all,knowledge,0.4418314814814815,0.4408789676385324,0.4427839953244306,0.7858471444315808,0.7578045815274089,0.8138897073357526,0.44 (0.44 - 0.44),0.79 (0.76 - 0.81)
114,1.0,False,Entail.ONESHOT,Entail.GPT,entropy,cluster_correct_oneshot_most,knowledge,0.6445666666666667,0.6436451971009941,0.6454881362323394,0.6948765878382175,0.6636134882121807,0.7261396874642543,0.64 (0.64 - 0.65),0.69 (0.66 - 0.73)
115,1.0,False,Entail.ONESHOT,Entail.GPT,entropy,cluster_correct_strict,reasoning,0.3362525423728813,0.33507464977811785,0.3374304349676448,0.7649372180596076,0.7219956334846387,0.8078788026345765,0.34 (0.34 - 0.34),0.76 (0.72 - 0.81)
116,1.0,False,Entail.ONESHOT,Entail.GPT,entropy,cluster_correct_relaxed,reasoning,0.4288474576271187,0.4275663769435619,0.43012853831067543,0.7044956076048838,0.6614700519992277,0.74752116321054,0.43 (0.43 - 0.43),0.70 (0.66 - 0.75)
117,1.0,False,Entail.ONESHOT,Entail.GPT,entropy,cluster_correct_majority,reasoning,0.3839576271186441,0.3827026773131972,0.38521257692409105,0.7393114161235906,0.696750133688183,0.7818726985589983,0.38 (0.38 - 0.39),0.74 (0.70 - 0.78)
118,1.0,False,Entail.ONESHOT,Entail.GPT,entropy,cluster_correct_lowest,reasoning,0.38763728813559317,0.3863554755810217,0.38891910069016467,0.7367937195321099,0.6942093265544215,0.7793781125097984,0.39 (0.39 - 0.39),0.74 (0.69 - 0.78)
119,1.0,False,Entail.ONESHOT,Entail.GPT,entropy,cluster_correct_oneshot_all,reasoning,0.29772033898305084,0.2965214299971123,0.2989192479689894,0.8075592885375493,0.7657092646030434,0.8494093124720552,0.30 (0.30 - 0.30),0.81 (0.77 - 0.85)
120,1.0,False,Entail.ONESHOT,Entail.GPT,entropy,cluster_correct_oneshot_most,reasoning,0.5589135593220338,0.5576469669953985,0.5601801516486691,0.631899766899767,0.5874387997896178,0.6763607340099163,0.56 (0.56 - 0.56),0.63 (0.59 - 0.68)
121,1.0,False,Entail.ONESHOT,Entail.GPT,entropy,cluster_correct_strict,short,0.789,0.7847287411023448,0.7932712588976553,0.9175824175824177,0.8215728940726589,1.0,0.79 (0.78 - 0.79),0.92 (0.82 - 1.00)
122,1.0,False,Entail.ONESHOT,Entail.GPT,entropy,cluster_correct_relaxed,short,0.850121212121212,0.8462034247199383,0.8540389995224859,0.9357142857142857,0.8489151833429711,1.0,0.85 (0.85 - 0.85),0.94 (0.85 - 1.00)
123,1.0,False,Entail.ONESHOT,Entail.GPT,entropy,cluster_correct_majority,short,0.7907575757575757,0.7866563930617997,0.7948587584533516,0.9175824175824177,0.8215728940726589,1.0,0.79 (0.79 - 0.79),0.92 (0.82 - 1.00)
124,1.0,False,Entail.ONESHOT,Entail.GPT,entropy,cluster_correct_lowest,short,0.7876969696969697,0.7834099103789375,0.7919840290150019,0.9175824175824177,0.8215728940726589,1.0,0.79 (0.78 - 0.79),0.92 (0.82 - 1.00)
125,1.0,False,Entail.ONESHOT,Entail.GPT,entropy,cluster_correct_oneshot_all,short,0.6687575757575758,0.6637514597054945,0.673763691809657,0.9545454545454546,0.8861249199483949,1.0,0.67 (0.66 - 0.67),0.95 (0.89 - 1.00)
126,1.0,False,Entail.ONESHOT,Entail.GPT,entropy,cluster_correct_oneshot_most,short,0.7873333333333332,0.7828737715194644,0.7917928951472021,0.945054945054945,0.8694347694675096,1.0,0.79 (0.78 - 0.79),0.95 (0.87 - 1.00)
127,1.0,False,Entail.ONESHOT,Entail.GPT,entropy,cluster_correct_strict,long,0.2795622775800712,0.2783866129161886,0.28073794224395376,0.6970197373594402,0.6461005989842796,0.7479388757346008,0.28 (0.28 - 0.28),0.70 (0.65 - 0.75)
128,1.0,False,Entail.ONESHOT,Entail.GPT,entropy,cluster_correct_relaxed,long,0.42625088967971525,0.4249664256211339,0.4275353537382966,0.6801630434782608,0.6349703625968884,0.7253557243596332,0.43 (0.42 - 0.43),0.68 (0.63 - 0.73)
129,1.0,False,Entail.ONESHOT,Entail.GPT,entropy,cluster_correct_majority,long,0.3486814946619217,0.3474099064867554,0.34995308283708804,0.6921629307460688,0.6448477984122202,0.7394780630799175,0.35 (0.35 - 0.35),0.69 (0.64 - 0.74)
130,1.0,False,Entail.ONESHOT,Entail.GPT,entropy,cluster_correct_lowest,long,0.359076512455516,0.35776433618775977,0.3603886887232722,0.688998899889989,0.6420006697005314,0.7359971300794466,0.36 (0.36 - 0.36),0.69 (0.64 - 0.74)
131,1.0,False,Entail.ONESHOT,Entail.GPT,entropy,cluster_correct_oneshot_all,long,0.29891814946619216,0.2977482254640133,0.300088073468371,0.748851824993957,0.7018024068837319,0.7959012431041821,0.30 (0.30 - 0.30),0.75 (0.70 - 0.80)
132,1.0,False,Entail.ONESHOT,Entail.GPT,entropy,cluster_correct_oneshot_most,long,0.5962348754448399,0.5949580866762388,0.5975116642134409,0.661253205338944,0.6166932250560724,0.7058131856218157,0.60 (0.59 - 0.60),0.66 (0.62 - 0.71)
133,1.0,False,Entail.ONESHOT,Entail.GPT,dentropy,cluster_correct_strict,full,0.4199814371257485,0.4192555836117003,0.42070729063979667,0.7274084621823151,0.7024000452482879,0.7524168791163424,0.42 (0.42 - 0.42),0.73 (0.70 - 0.75)
134,1.0,False,Entail.ONESHOT,Entail.GPT,dentropy,cluster_correct_relaxed,full,0.5287940119760478,0.5280309494180632,0.5295570745340324,0.7100862952344766,0.685631691393835,0.7345408990751183,0.53 (0.53 - 0.53),0.71 (0.69 - 0.73)
135,1.0,False,Entail.ONESHOT,Entail.GPT,dentropy,cluster_correct_majority,full,0.4757676646706586,0.4750095150295325,0.47652581431178476,0.7258645103324349,0.7015176921512717,0.7502113285135982,0.48 (0.48 - 0.48),0.73 (0.70 - 0.75)
136,1.0,False,Entail.ONESHOT,Entail.GPT,dentropy,cluster_correct_lowest,full,0.4780437125748503,0.4772730220149948,0.4788144031347058,0.7240614437469821,0.6996749781007912,0.7484479093931731,0.48 (0.48 - 0.48),0.72 (0.70 - 0.75)
137,1.0,False,Entail.ONESHOT,Entail.GPT,dentropy,cluster_correct_oneshot_all,full,0.39065449101796407,0.3899165624969154,0.3913924195390127,0.7911801066404056,0.767996123929612,0.8143640893511992,0.39 (0.39 - 0.39),0.79 (0.77 - 0.81)
138,1.0,False,Entail.ONESHOT,Entail.GPT,dentropy,cluster_correct_oneshot_most,full,0.6149269461077845,0.6141946895131104,0.6156592027024587,0.6857007000716274,0.6604760769212876,0.7109253232219672,0.61 (0.61 - 0.62),0.69 (0.66 - 0.71)
139,1.0,False,Entail.ONESHOT,Entail.GPT,dentropy,cluster_correct_strict,part1,0.48842637644046094,0.48727679611219804,0.48957595676872384,0.7461679790026247,0.7117285439076908,0.7806074140975585,0.49 (0.49 - 0.49),0.75 (0.71 - 0.78)
140,1.0,False,Entail.ONESHOT,Entail.GPT,dentropy,cluster_correct_relaxed,part1,0.590134443021767,0.5890542637525965,0.5912146222909375,0.7302344990432764,0.6956339889816054,0.7648350091049474,0.59 (0.59 - 0.59),0.73 (0.70 - 0.76)
141,1.0,False,Entail.ONESHOT,Entail.GPT,dentropy,cluster_correct_majority,part1,0.5476760563380282,0.5465534562239417,0.5487986564521147,0.7401246988430277,0.7059509378902985,0.7742984597957568,0.55 (0.55 - 0.55),0.74 (0.71 - 0.77)
142,1.0,False,Entail.ONESHOT,Entail.GPT,dentropy,cluster_correct_lowest,part1,0.5489833546734956,0.5478936421799332,0.550073067167058,0.7403349491417675,0.7061795600200957,0.7744903382634392,0.55 (0.55 - 0.55),0.74 (0.71 - 0.77)
143,1.0,False,Entail.ONESHOT,Entail.GPT,dentropy,cluster_correct_oneshot_all,part1,0.49153393085787456,0.4904230141430258,0.4926448475727233,0.7767435453400504,0.744088505512283,0.8093985851678178,0.49 (0.49 - 0.49),0.78 (0.74 - 0.81)
144,1.0,False,Entail.ONESHOT,Entail.GPT,dentropy,cluster_correct_oneshot_most,part1,0.6751984635083227,0.6741497163282407,0.6762472106884047,0.6727976404359803,0.6344504431073257,0.711144837764635,0.68 (0.67 - 0.68),0.67 (0.63 - 0.71)
145,1.0,False,Entail.ONESHOT,Entail.GPT,dentropy,cluster_correct_strict,part2,0.3616591676040495,0.36068690219989274,0.3626314330082062,0.6973638086474525,0.6603737066852904,0.7343539106096146,0.36 (0.36 - 0.36),0.70 (0.66 - 0.73)
146,1.0,False,Entail.ONESHOT,Entail.GPT,dentropy,cluster_correct_relaxed,part2,0.4745714285714286,0.4735124795295964,0.47563037761326077,0.6811121710626465,0.6459756186800012,0.7162487234452919,0.47 (0.47 - 0.48),0.68 (0.65 - 0.72)
147,1.0,False,Entail.ONESHOT,Entail.GPT,dentropy,cluster_correct_majority,part2,0.41303037120359953,0.411963881161472,0.4140968612457271,0.6997452681470346,0.6641933155159088,0.7352972207781605,0.41 (0.41 - 0.41),0.70 (0.66 - 0.74)
148,1.0,False,Entail.ONESHOT,Entail.GPT,dentropy,cluster_correct_lowest,part2,0.4159595050618673,0.41492474200837437,0.4169942681153602,0.6959610173024806,0.6603242199270072,0.731597814677954,0.42 (0.41 - 0.42),0.70 (0.66 - 0.73)
149,1.0,False,Entail.ONESHOT,Entail.GPT,dentropy,cluster_correct_oneshot_all,part2,0.3025725534308211,0.30163186485009164,0.3035132420115506,0.7951822760522844,0.7604939668273274,0.8298705852772414,0.30 (0.30 - 0.30),0.80 (0.76 - 0.83)
150,1.0,False,Entail.ONESHOT,Entail.GPT,dentropy,cluster_correct_oneshot_most,part2,0.5610202474690663,0.5599871253002326,0.5620533696379,0.6846616309542163,0.6502108181502575,0.7191124437581751,0.56 (0.56 - 0.56),0.68 (0.65 - 0.72)
151,1.0,False,Entail.ONESHOT,Entail.GPT,dentropy,cluster_correct_strict,knowledge,0.46651111111111104,0.46560703496580563,0.46741518725641645,0.7202036485890652,0.6895792115809902,0.7508280855971401,0.47 (0.47 - 0.47),0.72 (0.69 - 0.75)
152,1.0,False,Entail.ONESHOT,Entail.GPT,dentropy,cluster_correct_relaxed,knowledge,0.5840185185185185,0.5831054368671544,0.5849316001698825,0.7145849731221696,0.684485816094462,0.7446841301498772,0.58 (0.58 - 0.58),0.71 (0.68 - 0.74)
153,1.0,False,Entail.ONESHOT,Entail.GPT,dentropy,cluster_correct_majority,knowledge,0.5256601851851851,0.5247217721338521,0.5265985982365181,0.7240024620378521,0.6941224299248516,0.7538824941508526,0.53 (0.52 - 0.53),0.72 (0.69 - 0.75)
154,1.0,False,Entail.ONESHOT,Entail.GPT,dentropy,cluster_correct_lowest,knowledge,0.52725,0.526300633092981,0.528199366907019,0.7188032012766586,0.6887171488840689,0.7488892536692484,0.53 (0.53 - 0.53),0.72 (0.69 - 0.75)
155,1.0,False,Entail.ONESHOT,Entail.GPT,dentropy,cluster_correct_oneshot_all,knowledge,0.44193796296296295,0.44096026922951614,0.44291565669640975,0.7774440168132086,0.748965116801306,0.8059229168251113,0.44 (0.44 - 0.44),0.78 (0.75 - 0.81)
156,1.0,False,Entail.ONESHOT,Entail.GPT,dentropy,cluster_correct_oneshot_most,knowledge,0.6457824074074074,0.6448814857797864,0.6466833290350285,0.6952493154174361,0.6640019526696888,0.7264966781651834,0.65 (0.64 - 0.65),0.70 (0.66 - 0.73)
157,1.0,False,Entail.ONESHOT,Entail.GPT,dentropy,cluster_correct_strict,reasoning,0.33756610169491524,0.33636750052093006,0.3387647028689004,0.7370741173900192,0.6924943647062101,0.7816538700738282,0.34 (0.34 - 0.34),0.74 (0.69 - 0.78)
158,1.0,False,Entail.ONESHOT,Entail.GPT,dentropy,cluster_correct_relaxed,reasoning,0.42847457627118646,0.427210141915146,0.4297390106272269,0.6957811895239324,0.652365172049907,0.7391972069979579,0.43 (0.43 - 0.43),0.70 (0.65 - 0.74)
159,1.0,False,Entail.ONESHOT,Entail.GPT,dentropy,cluster_correct_majority,reasoning,0.3838220338983051,0.38256597127788916,0.38507809651872105,0.7242145119598062,0.6808553247912604,0.767573699128352,0.38 (0.38 - 0.39),0.72 (0.68 - 0.77)
160,1.0,False,Entail.ONESHOT,Entail.GPT,dentropy,cluster_correct_lowest,reasoning,0.38757118644067795,0.38629267325919103,0.38884969962216487,0.7292032079739684,0.6862142542312276,0.7721921617167092,0.39 (0.39 - 0.39),0.73 (0.69 - 0.77)
161,1.0,False,Entail.ONESHOT,Entail.GPT,dentropy,cluster_correct_oneshot_all,reasoning,0.29820508474576274,0.2971032130288016,0.29930695646272387,0.820508069828722,0.7797664639214803,0.8612496757359638,0.30 (0.30 - 0.30),0.82 (0.78 - 0.86)
162,1.0,False,Entail.ONESHOT,Entail.GPT,dentropy,cluster_correct_oneshot_most,reasoning,0.5581355932203389,0.5568960248918843,0.5593751615487935,0.6621503496503497,0.6188415814928218,0.7054591178078776,0.56 (0.56 - 0.56),0.66 (0.62 - 0.71)
163,1.0,False,Entail.ONESHOT,Entail.GPT,dentropy,cluster_correct_strict,short,0.7868787878787877,0.7822560041522272,0.7915015716053483,0.9285714285714286,0.8403797182026089,1.0,0.79 (0.78 - 0.79),0.93 (0.84 - 1.00)
164,1.0,False,Entail.ONESHOT,Entail.GPT,dentropy,cluster_correct_relaxed,short,0.8473636363636362,0.8434645561055322,0.8512627166217402,0.9321428571428572,0.8423490643544572,1.0,0.85 (0.84 - 0.85),0.93 (0.84 - 1.00)
165,1.0,False,Entail.ONESHOT,Entail.GPT,dentropy,cluster_correct_majority,short,0.7898787878787877,0.7854501963685702,0.7943073793890053,0.9285714285714286,0.8403797182026089,1.0,0.79 (0.79 - 0.79),0.93 (0.84 - 1.00)
166,1.0,False,Entail.ONESHOT,Entail.GPT,dentropy,cluster_correct_lowest,short,0.7879696969696969,0.7835573264487685,0.7923820674906252,0.9285714285714286,0.8403797182026089,1.0,0.79 (0.78 - 0.79),0.93 (0.84 - 1.00)
167,1.0,False,Entail.ONESHOT,Entail.GPT,dentropy,cluster_correct_oneshot_all,short,0.6668181818181819,0.661704444691453,0.6719319189449108,0.9483471074380165,0.8751036861722143,1.0,0.67 (0.66 - 0.67),0.95 (0.88 - 1.00)
168,1.0,False,Entail.ONESHOT,Entail.GPT,dentropy,cluster_correct_oneshot_most,short,0.7887575757575758,0.7844556505458297,0.7930595009693219,0.945054945054945,0.8694347694675096,1.0,0.79 (0.78 - 0.79),0.95 (0.87 - 1.00)
169,1.0,False,Entail.ONESHOT,Entail.GPT,dentropy,cluster_correct_strict,long,0.27947153024911037,0.27826965223084454,0.2806734082673762,0.6596209797908311,0.6073806196199344,0.7118613399617278,0.28 (0.28 - 0.28),0.66 (0.61 - 0.71)
170,1.0,False,Entail.ONESHOT,Entail.GPT,dentropy,cluster_correct_relaxed,long,0.42641814946619216,0.4251127061231626,0.42772359280922173,0.6595496894409938,0.6135853923792908,0.7055139865026968,0.43 (0.43 - 0.43),0.66 (0.61 - 0.71)
171,1.0,False,Entail.ONESHOT,Entail.GPT,dentropy,cluster_correct_majority,long,0.3494003558718861,0.348129399576296,0.3506713121674762,0.6615088658414185,0.6130748096533107,0.7099429220295264,0.35 (0.35 - 0.35),0.66 (0.61 - 0.71)
172,1.0,False,Entail.ONESHOT,Entail.GPT,dentropy,cluster_correct_lowest,long,0.36015480427046265,0.35887080353325795,0.36143880500766734,0.6659790979097909,0.6181288732510831,0.7138293225684987,0.36 (0.36 - 0.36),0.67 (0.62 - 0.71)
173,1.0,False,Entail.ONESHOT,Entail.GPT,dentropy,cluster_correct_oneshot_all,long,0.2974306049822064,0.29627253190400177,0.29858867806041106,0.7272328982354362,0.6789782444590423,0.7754875520118302,0.30 (0.30 - 0.30),0.73 (0.68 - 0.78)
174,1.0,False,Entail.ONESHOT,Entail.GPT,dentropy,cluster_correct_oneshot_most,long,0.5972313167259785,0.5959560992257767,0.5985065342261803,0.6483332237490959,0.6032085832545828,0.6934578642436089,0.60 (0.60 - 0.60),0.65 (0.60 - 0.69)
175,1.0,False,Entail.ONESHOT,Entail.GPT,perplexity,perplexity_correct,full,0.5148215568862275,0.5140697093491529,0.5155734044233022,0.6207938558713753,0.5941445932184972,0.6474431185242533,0.51 (0.51 - 0.52),0.62 (0.59 - 0.65)
176,1.0,False,Entail.ONESHOT,Entail.GPT,perplexity,perplexity_correct,part1,0.6055364916773367,0.6044468261151761,0.6066261572394973,0.6534142390379177,0.6152573179847944,0.691571160091041,0.61 (0.60 - 0.61),0.65 (0.62 - 0.69)
177,1.0,False,Entail.ONESHOT,Entail.GPT,perplexity,perplexity_correct,part2,0.4347761529808774,0.4337163344950669,0.4358359714666879,0.5935019611476574,0.5557239500297932,0.6312799722655216,0.43 (0.43 - 0.44),0.59 (0.56 - 0.63)
178,1.0,False,Entail.ONESHOT,Entail.GPT,perplexity,perplexity_correct,knowledge,0.5800166666666666,0.5790834789431073,0.580949854390226,0.6720032089625763,0.6402961642401959,0.7037102536849567,0.58 (0.58 - 0.58),0.67 (0.64 - 0.70)
179,1.0,False,Entail.ONESHOT,Entail.GPT,perplexity,perplexity_correct,reasoning,0.39687627118644064,0.3956979539062654,0.3980545884666159,0.6455632382598675,0.5994824039771496,0.6916440725425854,0.40 (0.40 - 0.40),0.65 (0.60 - 0.69)
180,1.0,False,Entail.ONESHOT,Entail.GPT,perplexity,perplexity_correct,short,0.850090909090909,0.8464170249664734,0.8537647932153446,0.8428571428571429,0.6892032682613661,0.9965110174529196,0.85 (0.85 - 0.85),0.84 (0.69 - 1.00)
181,1.0,False,Entail.ONESHOT,Entail.GPT,perplexity,perplexity_correct,long,0.3979039145907473,0.3965863559360448,0.3992214732454498,0.6268767279124834,0.5791591041980882,0.6745943516268785,0.40 (0.40 - 0.40),0.63 (0.58 - 0.67)
182,0.2,False,Entail.GPT,Entail.GPT,entropy,cluster_correct_strict,full,0.4621928143712574,0.4614302155661893,0.46295541317632555,0.7228080247412211,0.6982169266563192,0.747399122826123,0.46 (0.46 - 0.46),0.72 (0.70 - 0.75)
183,0.2,False,Entail.GPT,Entail.GPT,entropy,cluster_correct_relaxed,full,0.5492688622754492,0.5485005103375351,0.5500372142133634,0.6955352176331526,0.6707069180856554,0.7203635171806498,0.55 (0.55 - 0.55),0.70 (0.67 - 0.72)
184,0.2,False,Entail.GPT,Entail.GPT,entropy,cluster_correct_majority,full,0.5007461077844311,0.4999730888663749,0.5015191267024872,0.7113067449201903,0.6867240214536916,0.735889468386689,0.50 (0.50 - 0.50),0.71 (0.69 - 0.74)
185,0.2,False,Entail.GPT,Entail.GPT,entropy,cluster_correct_lowest,full,0.5101634730538923,0.5094108365013952,0.5109161096063894,0.7069730936556585,0.6823204081796618,0.7316257791316553,0.51 (0.51 - 0.51),0.71 (0.68 - 0.73)
186,0.2,False,Entail.GPT,Entail.GPT,entropy,cluster_correct_oneshot_all,full,0.5003976047904192,0.49964021486603855,0.5011549947147999,0.7689795531995457,0.74642293478797,0.7915361716111214,0.50 (0.50 - 0.50),0.77 (0.75 - 0.79)
187,0.2,False,Entail.GPT,Entail.GPT,entropy,cluster_correct_oneshot_most,full,0.6399946107784432,0.6392518069996025,0.640737414557284,0.6824733956035233,0.6569747993393561,0.7079719918676904,0.64 (0.64 - 0.64),0.68 (0.66 - 0.71)
188,0.2,False,Entail.GPT,Entail.GPT,entropy,cluster_correct_strict,part1,0.5507042253521126,0.5496015867529189,0.5518068639513063,0.7231630557211952,0.6881269689353965,0.7581991425069939,0.55 (0.55 - 0.55),0.72 (0.69 - 0.76)
189,0.2,False,Entail.GPT,Entail.GPT,entropy,cluster_correct_relaxed,part1,0.6263879641485276,0.6252895222676333,0.6274864060294219,0.6904851948342998,0.6537104633320268,0.7272599263365729,0.63 (0.63 - 0.63),0.69 (0.65 - 0.73)
190,0.2,False,Entail.GPT,Entail.GPT,entropy,cluster_correct_majority,part1,0.5921216389244559,0.5910110121323433,0.5932322657165685,0.7002662428515153,0.6641558486265069,0.7363766370765237,0.59 (0.59 - 0.59),0.70 (0.66 - 0.74)
191,0.2,False,Entail.GPT,Entail.GPT,entropy,cluster_correct_lowest,part1,0.5896760563380281,0.5885979294821502,0.590754183193906,0.7066838394793926,0.6708854543232845,0.7424822246355007,0.59 (0.59 - 0.59),0.71 (0.67 - 0.74)
192,0.2,False,Entail.GPT,Entail.GPT,entropy,cluster_correct_oneshot_all,part1,0.6064724711907811,0.605350737639297,0.6075942047422651,0.7518726205692767,0.7184831918731022,0.7852620492654513,0.61 (0.61 - 0.61),0.75 (0.72 - 0.79)
193,0.2,False,Entail.GPT,Entail.GPT,entropy,cluster_correct_oneshot_most,part1,0.7136594110115237,0.7126994080373272,0.7146194139857203,0.6982255653599498,0.6602755203407484,0.7361756103791512,0.71 (0.71 - 0.71),0.70 (0.66 - 0.74)
194,0.2,False,Entail.GPT,Entail.GPT,entropy,cluster_correct_strict,part2,0.3851383577052868,0.3841429607554447,0.38613375465512895,0.7076290665725863,0.6716671156073093,0.7435910175378633,0.39 (0.38 - 0.39),0.71 (0.67 - 0.74)
195,0.2,False,Entail.GPT,Entail.GPT,entropy,cluster_correct_relaxed,part2,0.4832564679415073,0.4822058091323366,0.48430712675067794,0.6858467619337184,0.6509674460998346,0.7207260777676022,0.48 (0.48 - 0.48),0.69 (0.65 - 0.72)
196,0.2,False,Entail.GPT,Entail.GPT,entropy,cluster_correct_majority,part2,0.42008548931383577,0.4190643280251884,0.42110665060248315,0.7052593323295779,0.6700808805516589,0.7404377841074969,0.42 (0.42 - 0.42),0.71 (0.67 - 0.74)
197,0.2,False,Entail.GPT,Entail.GPT,entropy,cluster_correct_lowest,part2,0.44079302587176605,0.4397628773271706,0.4418231744163615,0.6935671073038959,0.6583364357884204,0.7287977788193715,0.44 (0.44 - 0.44),0.69 (0.66 - 0.73)
198,0.2,False,Entail.GPT,Entail.GPT,entropy,cluster_correct_oneshot_all,part2,0.40716760404949376,0.40615483319024553,0.408180374908742,0.7744503968045959,0.7421283593091079,0.8067724343000839,0.41 (0.41 - 0.41),0.77 (0.74 - 0.81)
199,0.2,False,Entail.GPT,Entail.GPT,entropy,cluster_correct_oneshot_most,part2,0.5741417322834645,0.5731032058521017,0.5751802587148274,0.6545677631783307,0.6190146405062225,0.6901208858504388,0.57 (0.57 - 0.58),0.65 (0.62 - 0.69)
200,0.2,False,Entail.GPT,Entail.GPT,entropy,cluster_correct_strict,knowledge,0.5235356151711378,0.5226011750582887,0.5244700552839868,0.7065182339016776,0.6759474023893093,0.7370890654140458,0.52 (0.52 - 0.52),0.71 (0.68 - 0.74)
201,0.2,False,Entail.GPT,Entail.GPT,entropy,cluster_correct_relaxed,knowledge,0.6154014801110084,0.6144947580167607,0.6163082022052561,0.6682043489272405,0.6361945637979237,0.7002141340565572,0.62 (0.61 - 0.62),0.67 (0.64 - 0.70)
202,0.2,False,Entail.GPT,Entail.GPT,entropy,cluster_correct_majority,knowledge,0.5632654949121185,0.5623323833654612,0.5641986064587758,0.6890846344382289,0.6580050011707484,0.7201642677057093,0.56 (0.56 - 0.56),0.69 (0.66 - 0.72)
203,0.2,False,Entail.GPT,Entail.GPT,entropy,cluster_correct_lowest,knowledge,0.5762664199814985,0.5753318950368216,0.5772009449261755,0.6913218306257838,0.6603217134353428,0.7223219478162247,0.58 (0.58 - 0.58),0.69 (0.66 - 0.72)
204,0.2,False,Entail.GPT,Entail.GPT,entropy,cluster_correct_oneshot_all,knowledge,0.5826808510638298,0.5817816578712506,0.5835800442564091,0.7554780771262546,0.7272860788883136,0.7836700753641955,0.58 (0.58 - 0.58),0.76 (0.73 - 0.78)
205,0.2,False,Entail.GPT,Entail.GPT,entropy,cluster_correct_oneshot_most,knowledge,0.6922553191489362,0.6913928409944384,0.693117797303434,0.6919828848102691,0.6599042652740318,0.7240615043465065,0.69 (0.69 - 0.69),0.69 (0.66 - 0.72)
206,0.2,False,Entail.GPT,Entail.GPT,entropy,cluster_correct_strict,reasoning,0.3499915110356537,0.3487831851029063,0.35119983696840107,0.7462926816902837,0.7027415811244693,0.7898437822560982,0.35 (0.35 - 0.35),0.75 (0.70 - 0.79)
207,0.2,False,Entail.GPT,Entail.GPT,entropy,cluster_correct_relaxed,reasoning,0.42738200339558574,0.42607434175090886,0.4286896650402626,0.7257076915830625,0.6836624796071814,0.7677529035589435,0.43 (0.43 - 0.43),0.73 (0.68 - 0.77)
208,0.2,False,Entail.GPT,Entail.GPT,entropy,cluster_correct_majority,reasoning,0.3869983022071307,0.38575536078434586,0.3882412436299156,0.7407420906837731,0.6983042335826578,0.7831799477848883,0.39 (0.39 - 0.39),0.74 (0.70 - 0.78)
209,0.2,False,Entail.GPT,Entail.GPT,entropy,cluster_correct_lowest,reasoning,0.38994736842105265,0.38868577193541365,0.39120896490669166,0.7245973113721691,0.681412739548356,0.7677818831959822,0.39 (0.39 - 0.39),0.72 (0.68 - 0.77)
210,0.2,False,Entail.GPT,Entail.GPT,entropy,cluster_correct_oneshot_all,reasoning,0.3489660441426146,0.3477002662330461,0.3502318220521831,0.7986534552845529,0.7585196752725728,0.838787235296533,0.35 (0.35 - 0.35),0.80 (0.76 - 0.84)
211,0.2,False,Entail.GPT,Entail.GPT,entropy,cluster_correct_oneshot_most,reasoning,0.543483870967742,0.5422218642230676,0.5447458777124163,0.6605367100371746,0.6171107519693388,0.7039626681050104,0.54 (0.54 - 0.54),0.66 (0.62 - 0.70)
212,0.2,False,Entail.GPT,Entail.GPT,entropy,cluster_correct_strict,short,0.7553571428571428,0.7521087355550946,0.7586055501591911,0.7380688124306327,0.614289378170512,0.8618482466907534,0.76 (0.75 - 0.76),0.74 (0.61 - 0.86)
213,0.2,False,Entail.GPT,Entail.GPT,entropy,cluster_correct_relaxed,short,0.8011285714285716,0.7981678763993597,0.8040892664577836,0.7895408163265305,0.6743441394536583,0.9047374931994027,0.80 (0.80 - 0.80),0.79 (0.67 - 0.90)
214,0.2,False,Entail.GPT,Entail.GPT,entropy,cluster_correct_majority,short,0.7876142857142858,0.7846054500883335,0.7906231213402382,0.7587878787878788,0.6365429773852912,0.8810327801904664,0.79 (0.78 - 0.79),0.76 (0.64 - 0.88)
215,0.2,False,Entail.GPT,Entail.GPT,entropy,cluster_correct_lowest,short,0.7578857142857143,0.7547435583277771,0.7610278702436515,0.7380688124306327,0.614289378170512,0.8618482466907534,0.76 (0.75 - 0.76),0.74 (0.61 - 0.86)
216,0.2,False,Entail.GPT,Entail.GPT,entropy,cluster_correct_oneshot_all,short,0.7740285714285715,0.7709163017127532,0.7771408411443899,0.7939814814814815,0.6837977208688196,0.9041652420941434,0.77 (0.77 - 0.78),0.79 (0.68 - 0.90)
217,0.2,False,Entail.GPT,Entail.GPT,entropy,cluster_correct_oneshot_most,short,0.8292285714285715,0.8264709077333396,0.8319862351238034,0.7327586206896551,0.5945521235090798,0.8709651178702305,0.83 (0.83 - 0.83),0.73 (0.59 - 0.87)
218,0.2,False,Entail.GPT,Entail.GPT,entropy,cluster_correct_strict,long,0.3995828970331588,0.3983744663194692,0.4007913277468484,0.7239006804102772,0.6803757359527002,0.7674256248678543,0.40 (0.40 - 0.40),0.72 (0.68 - 0.77)
219,0.2,False,Entail.GPT,Entail.GPT,entropy,cluster_correct_relaxed,long,0.5097469458987783,0.5084564172857405,0.5110374745118161,0.6688075854336275,0.6249334827161893,0.7126816881510657,0.51 (0.51 - 0.51),0.67 (0.62 - 0.71)
220,0.2,False,Entail.GPT,Entail.GPT,entropy,cluster_correct_majority,long,0.4447068062827225,0.4434057503721196,0.44600786219332544,0.6982241953385128,0.6546493367718416,0.741799053905184,0.44 (0.44 - 0.45),0.70 (0.65 - 0.74)
221,0.2,False,Entail.GPT,Entail.GPT,entropy,cluster_correct_lowest,long,0.46232460732984293,0.4610477852011399,0.46360142945854593,0.6897451604998774,0.6461342750055489,0.733356045994206,0.46 (0.46 - 0.46),0.69 (0.65 - 0.73)
222,0.2,False,Entail.GPT,Entail.GPT,entropy,cluster_correct_oneshot_all,long,0.469434554973822,0.4681235802498266,0.47074552969781747,0.8003448444531404,0.7635555462085267,0.837134142697754,0.47 (0.47 - 0.47),0.80 (0.76 - 0.84)
223,0.2,False,Entail.GPT,Entail.GPT,entropy,cluster_correct_oneshot_most,long,0.6581134380453753,0.6569048828229739,0.6593219932677766,0.6809532831700319,0.6370127752414378,0.724893791098626,0.66 (0.66 - 0.66),0.68 (0.64 - 0.72)
224,0.2,False,Entail.GPT,Entail.GPT,dentropy,cluster_correct_strict,full,0.46212035928143713,0.46136939036269947,0.4628713282001748,0.6754193256170881,0.6495344499497291,0.701304201284447,0.46 (0.46 - 0.46),0.68 (0.65 - 0.70)
225,0.2,False,Entail.GPT,Entail.GPT,dentropy,cluster_correct_relaxed,full,0.5488664670658683,0.5481257791824685,0.549607154949268,0.6737132352941176,0.6482773406609815,0.6991491299272538,0.55 (0.55 - 0.55),0.67 (0.65 - 0.70)
226,0.2,False,Entail.GPT,Entail.GPT,dentropy,cluster_correct_majority,full,0.5013952095808383,0.500623598224114,0.5021668209375626,0.6753705066255893,0.6497997087641948,0.7009413044869838,0.50 (0.50 - 0.50),0.68 (0.65 - 0.70)
227,0.2,False,Entail.GPT,Entail.GPT,dentropy,cluster_correct_lowest,full,0.5110814371257485,0.5103409822879064,0.5118218919635906,0.6715566422167889,0.6459424242671529,0.6971708601664249,0.51 (0.51 - 0.51),0.67 (0.65 - 0.70)
228,0.2,False,Entail.GPT,Entail.GPT,dentropy,cluster_correct_oneshot_all,full,0.5002922155688623,0.4995324081369116,0.501052023000813,0.7299017245533717,0.7059069066081296,0.7538965424986137,0.50 (0.50 - 0.50),0.73 (0.71 - 0.75)
229,0.2,False,Entail.GPT,Entail.GPT,dentropy,cluster_correct_oneshot_most,full,0.6395634730538923,0.6388326596233589,0.6402942864844257,0.65305174257435,0.6266853660706581,0.6794181190780418,0.64 (0.64 - 0.64),0.65 (0.63 - 0.68)
230,0.2,False,Entail.GPT,Entail.GPT,dentropy,cluster_correct_strict,part1,0.5494660691421256,0.5483529044052037,0.5505792338790475,0.6639104220499569,0.6263378167811995,0.7014830273187143,0.55 (0.55 - 0.55),0.66 (0.63 - 0.70)
231,0.2,False,Entail.GPT,Entail.GPT,dentropy,cluster_correct_relaxed,part1,0.6264314980793854,0.6253881007571082,0.6274748954016626,0.653073087374289,0.6146925811836002,0.6914535935649779,0.63 (0.63 - 0.63),0.65 (0.61 - 0.69)
232,0.2,False,Entail.GPT,Entail.GPT,dentropy,cluster_correct_majority,part1,0.5928553137003841,0.59173173550839,0.5939788918923783,0.65608487170083,0.6181206161009201,0.6940491273007399,0.59 (0.59 - 0.59),0.66 (0.62 - 0.69)
233,0.2,False,Entail.GPT,Entail.GPT,dentropy,cluster_correct_lowest,part1,0.5895403329065301,0.5884179166453469,0.5906627491677132,0.6538876084598698,0.6158577458453958,0.6919174710743439,0.59 (0.59 - 0.59),0.65 (0.62 - 0.69)
234,0.2,False,Entail.GPT,Entail.GPT,dentropy,cluster_correct_oneshot_all,part1,0.606774647887324,0.6056978698855345,0.6078514258891136,0.6960444755975206,0.6596741901141934,0.7324147610808478,0.61 (0.61 - 0.61),0.70 (0.66 - 0.73)
235,0.2,False,Entail.GPT,Entail.GPT,dentropy,cluster_correct_oneshot_most,part1,0.7149398207426376,0.7139161469860363,0.7159634944992389,0.6488138290177925,0.6083178485078337,0.6893098095277513,0.71 (0.71 - 0.72),0.65 (0.61 - 0.69)
236,0.2,False,Entail.GPT,Entail.GPT,dentropy,cluster_correct_strict,part2,0.3848998875140608,0.3838878613142748,0.38591191371384675,0.6716994344484001,0.6345557010586577,0.7088431678381425,0.38 (0.38 - 0.39),0.67 (0.63 - 0.71)
237,0.2,False,Entail.GPT,Entail.GPT,dentropy,cluster_correct_relaxed,part2,0.48274015748031496,0.48170368451794515,0.48377663044268476,0.677260058781798,0.6420856860722522,0.7124344314913437,0.48 (0.48 - 0.48),0.68 (0.64 - 0.71)
238,0.2,False,Entail.GPT,Entail.GPT,dentropy,cluster_correct_majority,part2,0.4203048368953881,0.419284339532467,0.4213253342583092,0.6772831109495872,0.6411461073682201,0.7134201145309542,0.42 (0.42 - 0.42),0.68 (0.64 - 0.71)
239,0.2,False,Entail.GPT,Entail.GPT,dentropy,cluster_correct_lowest,part2,0.4401304836895388,0.4390998043289716,0.44116116305010594,0.6728319929333704,0.6369150478233264,0.7087489380434143,0.44 (0.44 - 0.44),0.67 (0.64 - 0.71)
240,0.2,False,Entail.GPT,Entail.GPT,dentropy,cluster_correct_oneshot_all,part2,0.4075185601799775,0.40648983155576196,0.40854728880419305,0.748228270099699,0.7145648362778254,0.7818917039215727,0.41 (0.41 - 0.41),0.75 (0.71 - 0.78)
241,0.2,False,Entail.GPT,Entail.GPT,dentropy,cluster_correct_oneshot_most,part2,0.5750123734533183,0.5740049629892497,0.576019783917387,0.6409027842491638,0.6049117337601773,0.6768938347381503,0.58 (0.57 - 0.58),0.64 (0.60 - 0.68)
242,0.2,False,Entail.GPT,Entail.GPT,dentropy,cluster_correct_strict,knowledge,0.5234810360777058,0.522530995536653,0.5244310766187585,0.6386136745685959,0.6059255829163123,0.6713017662208794,0.52 (0.52 - 0.52),0.64 (0.61 - 0.67)
243,0.2,False,Entail.GPT,Entail.GPT,dentropy,cluster_correct_relaxed,knowledge,0.6156447733580019,0.6147191361725892,0.6165704105434147,0.6323691161040559,0.5992167769559186,0.6655214552521932,0.62 (0.61 - 0.62),0.63 (0.60 - 0.67)
244,0.2,False,Entail.GPT,Entail.GPT,dentropy,cluster_correct_majority,knowledge,0.56390934320074,0.5629854252418677,0.5648332611596124,0.6314011577746236,0.5985465277547896,0.6642557877944576,0.56 (0.56 - 0.56),0.63 (0.60 - 0.66)
245,0.2,False,Entail.GPT,Entail.GPT,dentropy,cluster_correct_lowest,knowledge,0.5755652173913044,0.5746055023959102,0.5765249323866986,0.6321708032980967,0.599297108985747,0.6650444976104465,0.58 (0.57 - 0.58),0.63 (0.60 - 0.67)
246,0.2,False,Entail.GPT,Entail.GPT,dentropy,cluster_correct_oneshot_all,knowledge,0.5834690101757631,0.5825547201072634,0.5843833002442629,0.6815900686740622,0.6502207709038479,0.7129593664442766,0.58 (0.58 - 0.58),0.68 (0.65 - 0.71)
247,0.2,False,Entail.GPT,Entail.GPT,dentropy,cluster_correct_oneshot_most,knowledge,0.6930564292321924,0.6921990931703201,0.6939137652940646,0.6248813679283222,0.5901900841074116,0.6595726517492327,0.69 (0.69 - 0.69),0.62 (0.59 - 0.66)
248,0.2,False,Entail.GPT,Entail.GPT,dentropy,cluster_correct_strict,reasoning,0.3503904923599321,0.3490999313068192,0.35168105341304495,0.7054741565058684,0.6598603552316,0.7510879577801368,0.35 (0.35 - 0.35),0.71 (0.66 - 0.75)
249,0.2,False,Entail.GPT,Entail.GPT,dentropy,cluster_correct_relaxed,reasoning,0.42788115449915115,0.4266585183533072,0.4291037906449951,0.7022514248033537,0.6590629187343101,0.7454399308723972,0.43 (0.43 - 0.43),0.70 (0.66 - 0.75)
250,0.2,False,Entail.GPT,Entail.GPT,dentropy,cluster_correct_majority,reasoning,0.38710186757215614,0.3858521011635549,0.3883516339807574,0.7156716236574816,0.6719337985596674,0.7594094487552958,0.39 (0.39 - 0.39),0.72 (0.67 - 0.76)
251,0.2,False,Entail.GPT,Entail.GPT,dentropy,cluster_correct_lowest,reasoning,0.39042105263157895,0.3892069019078764,0.3916352033552815,0.6995034516168099,0.6551382688904733,0.7438686343431465,0.39 (0.39 - 0.39),0.70 (0.66 - 0.74)
252,0.2,False,Entail.GPT,Entail.GPT,dentropy,cluster_correct_oneshot_all,reasoning,0.34795755517826826,0.34672380823793514,0.3491913021186014,0.7766895325203252,0.734966372176101,0.8184126928645495,0.35 (0.35 - 0.35),0.78 (0.73 - 0.82)
253,0.2,False,Entail.GPT,Entail.GPT,dentropy,cluster_correct_oneshot_most,reasoning,0.5430848896434635,0.5417414904083168,0.5444282888786102,0.6586431226765799,0.6151411506280283,0.7021450947251314,0.54 (0.54 - 0.54),0.66 (0.62 - 0.70)
254,0.2,False,Entail.GPT,Entail.GPT,dentropy,cluster_correct_strict,short,0.7598857142857144,0.7567794633905033,0.7629919651809255,0.5904550499445061,0.4396802152927357,0.7412298845962766,0.76 (0.76 - 0.76),0.59 (0.44 - 0.74)
255,0.2,False,Entail.GPT,Entail.GPT,dentropy,cluster_correct_relaxed,short,0.8003571428571429,0.7973654145940815,0.8033488711202043,0.6173469387755102,0.46075672061152095,0.7739371569394994,0.80 (0.80 - 0.80),0.62 (0.46 - 0.77)
256,0.2,False,Entail.GPT,Entail.GPT,dentropy,cluster_correct_majority,short,0.7870571428571429,0.784013610603987,0.7901006751102988,0.6072727272727273,0.4526921868476725,0.761853267697782,0.79 (0.78 - 0.79),0.61 (0.45 - 0.76)
257,0.2,False,Entail.GPT,Entail.GPT,dentropy,cluster_correct_lowest,short,0.757257142857143,0.7540392208841921,0.7604750648300939,0.5904550499445061,0.4396802152927357,0.7412298845962766,0.76 (0.75 - 0.76),0.59 (0.44 - 0.74)
258,0.2,False,Entail.GPT,Entail.GPT,dentropy,cluster_correct_oneshot_all,short,0.7739428571428573,0.7708235234293858,0.7770621908563288,0.6805555555555556,0.5418415810477066,0.8192695300634045,0.77 (0.77 - 0.78),0.68 (0.54 - 0.82)
259,0.2,False,Entail.GPT,Entail.GPT,dentropy,cluster_correct_oneshot_most,short,0.828157142857143,0.8253920582913477,0.8309222274229384,0.5948275862068966,0.42556050647698496,0.7640946659368082,0.83 (0.83 - 0.83),0.59 (0.43 - 0.76)
260,0.2,False,Entail.GPT,Entail.GPT,dentropy,cluster_correct_strict,long,0.4000279232111693,0.3987274527313547,0.40132839369098394,0.6615910937341323,0.6154235479567922,0.7077586395114723,0.40 (0.40 - 0.40),0.66 (0.62 - 0.71)
261,0.2,False,Entail.GPT,Entail.GPT,dentropy,cluster_correct_relaxed,long,0.5094450261780105,0.5081429511021839,0.510747101253837,0.6298810510408034,0.584603802442001,0.6751582996396057,0.51 (0.51 - 0.51),0.63 (0.58 - 0.68)
262,0.2,False,Entail.GPT,Entail.GPT,dentropy,cluster_correct_majority,long,0.44600523560209426,0.44477284238392417,0.44723762882026435,0.6490935997040326,0.603606225458154,0.6945809739499111,0.45 (0.44 - 0.45),0.65 (0.60 - 0.69)
263,0.2,False,Entail.GPT,Entail.GPT,dentropy,cluster_correct_lowest,long,0.462109947643979,0.4608541263704788,0.4633657689174792,0.6345564812545944,0.5889175850769265,0.6801953774322623,0.46 (0.46 - 0.46),0.63 (0.59 - 0.68)
264,0.2,False,Entail.GPT,Entail.GPT,dentropy,cluster_correct_oneshot_all,long,0.46849738219895287,0.4671463326908491,0.46984843170705665,0.7325682351790256,0.691231383541759,0.7739050868162922,0.47 (0.47 - 0.47),0.73 (0.69 - 0.77)
265,0.2,False,Entail.GPT,Entail.GPT,dentropy,cluster_correct_oneshot_most,long,0.657523560209424,0.6563252395030724,0.6587218809157757,0.6294321442104693,0.5829741430288067,0.675890145392132,0.66 (0.66 - 0.66),0.63 (0.58 - 0.68)
266,0.2,False,Entail.GPT,Entail.GPT,perplexity,perplexity_correct,full,0.5225329341317366,0.5217665514136607,0.5232993168498126,0.5818826021475707,0.5546788202364408,0.6090863840587006,0.52 (0.52 - 0.52),0.58 (0.55 - 0.61)
267,0.2,False,Entail.GPT,Entail.GPT,perplexity,perplexity_correct,part1,0.6072804097311139,0.6062230469028083,0.6083377725594195,0.622039885100125,0.5827995800872267,0.6612801901130233,0.61 (0.61 - 0.61),0.62 (0.58 - 0.66)
268,0.2,False,Entail.GPT,Entail.GPT,perplexity,perplexity_correct,part2,0.4478413948256468,0.44680639038822656,0.448876399263067,0.5617548025258676,0.5237644064920348,0.5997451985597004,0.45 (0.45 - 0.45),0.56 (0.52 - 0.60)
269,0.2,False,Entail.GPT,Entail.GPT,perplexity,perplexity_correct,knowledge,0.5819944495837187,0.5810587422840084,0.582930156883429,0.6472681036059486,0.6147879179428223,0.6797482892690748,0.58 (0.58 - 0.58),0.65 (0.61 - 0.68)
270,0.2,False,Entail.GPT,Entail.GPT,perplexity,perplexity_correct,reasoning,0.4134159592529711,0.412100555361569,0.4147313631443732,0.6075429957896239,0.5609122500254361,0.6541737415538117,0.41 (0.41 - 0.41),0.61 (0.56 - 0.65)
271,0.2,False,Entail.GPT,Entail.GPT,perplexity,perplexity_correct,short,0.7447285714285715,0.7415009305290909,0.7479562123280521,0.7158119658119659,0.588614385535321,0.8430095460886109,0.74 (0.74 - 0.75),0.72 (0.59 - 0.84)
272,0.2,False,Entail.GPT,Entail.GPT,perplexity,perplexity_correct,long,0.4654066317626527,0.46410570713469973,0.4667075563906056,0.6255844410173558,0.579739387501121,0.6714294945335906,0.47 (0.46 - 0.47),0.63 (0.58 - 0.67)
273,0.2,False,Entail.ONESHOT,Entail.GPT,entropy,cluster_correct_strict,full,0.4546532934131736,0.4539059359648261,0.45540065086152115,0.7041227914133942,0.6788900451244102,0.7293555377023782,0.45 (0.45 - 0.46),0.70 (0.68 - 0.73)
274,0.2,False,Entail.ONESHOT,Entail.GPT,entropy,cluster_correct_relaxed,full,0.5134437125748502,0.5126535177450626,0.5142339074046378,0.6924194212770599,0.6673648785673827,0.7174739639867371,0.51 (0.51 - 0.51),0.69 (0.67 - 0.72)
275,0.2,False,Entail.ONESHOT,Entail.GPT,entropy,cluster_correct_majority,full,0.48125029940119757,0.48048698050463473,0.4820136182977604,0.7042285684740272,0.6792771154114681,0.7291800215365862,0.48 (0.48 - 0.48),0.70 (0.68 - 0.73)
276,0.2,False,Entail.ONESHOT,Entail.GPT,entropy,cluster_correct_lowest,full,0.4827041916167665,0.48195710424639476,0.4834512789871382,0.6972923765257932,0.672161868780702,0.7224228842708844,0.48 (0.48 - 0.48),0.70 (0.67 - 0.72)
277,0.2,False,Entail.ONESHOT,Entail.GPT,entropy,cluster_correct_oneshot_all,full,0.47562035928143714,0.47488046624102975,0.47636025232184454,0.7570649736033953,0.7337963427541044,0.7803336044526862,0.48 (0.47 - 0.48),0.76 (0.73 - 0.78)
278,0.2,False,Entail.ONESHOT,Entail.GPT,entropy,cluster_correct_oneshot_most,full,0.6112095808383233,0.6104734829343296,0.6119456787423171,0.6739084883375617,0.6483570768643062,0.6994598998108171,0.61 (0.61 - 0.61),0.67 (0.65 - 0.70)
279,0.2,False,Entail.ONESHOT,Entail.GPT,entropy,cluster_correct_strict,part1,0.53701152368758,0.5359012315978061,0.5381218157773539,0.7061073736974014,0.6702039244807448,0.742010822914058,0.54 (0.54 - 0.54),0.71 (0.67 - 0.74)
280,0.2,False,Entail.ONESHOT,Entail.GPT,entropy,cluster_correct_relaxed,part1,0.5908783610755443,0.5897721371958244,0.5919845849552641,0.6914871961893905,0.6549786419250291,0.7279957504537519,0.59 (0.59 - 0.59),0.69 (0.65 - 0.73)
281,0.2,False,Entail.ONESHOT,Entail.GPT,entropy,cluster_correct_majority,part1,0.5669820742637643,0.5658939883043461,0.5680701602231826,0.7031994554118448,0.667252732980795,0.7391461778428946,0.57 (0.57 - 0.57),0.70 (0.67 - 0.74)
282,0.2,False,Entail.ONESHOT,Entail.GPT,entropy,cluster_correct_lowest,part1,0.5642035851472472,0.5631432561655689,0.5652639141289255,0.7016006402561025,0.6655795779426407,0.7376217025695643,0.56 (0.56 - 0.57),0.70 (0.67 - 0.74)
283,0.2,False,Entail.ONESHOT,Entail.GPT,entropy,cluster_correct_oneshot_all,part1,0.5763738796414852,0.5753583238773187,0.5773894354056518,0.7474387378314871,0.7137803936326118,0.7810970820303623,0.58 (0.58 - 0.58),0.75 (0.71 - 0.78)
284,0.2,False,Entail.ONESHOT,Entail.GPT,entropy,cluster_correct_oneshot_most,part1,0.6867516005121638,0.6857314526014526,0.6877717484228749,0.6838562290587877,0.6458322784020679,0.7218801797155076,0.69 (0.69 - 0.69),0.68 (0.65 - 0.72)
285,0.2,False,Entail.ONESHOT,Entail.GPT,entropy,cluster_correct_strict,part2,0.3814949381327334,0.38046120965224717,0.3825286666132196,0.6899544113703406,0.6532817561219354,0.7266270666187459,0.38 (0.38 - 0.38),0.69 (0.65 - 0.73)
286,0.2,False,Entail.ONESHOT,Entail.GPT,entropy,cluster_correct_relaxed,part2,0.44489313835770533,0.44388822918011517,0.4458980475352955,0.6807974171065443,0.6452098848044777,0.7163849494086109,0.44 (0.44 - 0.45),0.68 (0.65 - 0.72)
287,0.2,False,Entail.ONESHOT,Entail.GPT,entropy,cluster_correct_majority,part2,0.4073059617547806,0.40628425341525515,0.4083276700943061,0.6922589032048392,0.6563173842363792,0.7282004221732992,0.41 (0.41 - 0.41),0.69 (0.66 - 0.73)
288,0.2,False,Entail.ONESHOT,Entail.GPT,entropy,cluster_correct_lowest,part2,0.41170753655793024,0.41067749852539676,0.41273757459046373,0.6801450229341023,0.6439076175510757,0.7163824283171288,0.41 (0.41 - 0.41),0.68 (0.64 - 0.72)
289,0.2,False,Entail.ONESHOT,Entail.GPT,entropy,cluster_correct_oneshot_all,part2,0.3871147356580427,0.3861426197494708,0.38808685156661465,0.7547578408363558,0.7208836108836973,0.7886320707890142,0.39 (0.39 - 0.39),0.75 (0.72 - 0.79)
290,0.2,False,Entail.ONESHOT,Entail.GPT,entropy,cluster_correct_oneshot_most,part2,0.5437795275590551,0.5427292555336147,0.5448297995844955,0.6527297575701945,0.6171430797462086,0.6883164353941803,0.54 (0.54 - 0.54),0.65 (0.62 - 0.69)
291,0.2,False,Entail.ONESHOT,Entail.GPT,entropy,cluster_correct_strict,knowledge,0.5133533765032378,0.5124131631728204,0.5142935898336551,0.6959956153872504,0.6649751663986238,0.7270160643758771,0.51 (0.51 - 0.51),0.70 (0.66 - 0.73)
292,0.2,False,Entail.ONESHOT,Entail.GPT,entropy,cluster_correct_relaxed,knowledge,0.5789703977798335,0.578044804182048,0.579895991377619,0.6805076712424956,0.6491102755663615,0.7119050669186296,0.58 (0.58 - 0.58),0.68 (0.65 - 0.71)
293,0.2,False,Entail.ONESHOT,Entail.GPT,entropy,cluster_correct_majority,knowledge,0.5443866790009251,0.5434351337725754,0.5453382242292748,0.6972927101875233,0.6664750395176905,0.728110380857356,0.54 (0.54 - 0.55),0.70 (0.67 - 0.73)
294,0.2,False,Entail.ONESHOT,Entail.GPT,entropy,cluster_correct_lowest,knowledge,0.5414051803885291,0.540492252611804,0.5423181081652543,0.6872479056779397,0.6560653255460547,0.7184304858098247,0.54 (0.54 - 0.54),0.69 (0.66 - 0.72)
295,0.2,False,Entail.ONESHOT,Entail.GPT,entropy,cluster_correct_oneshot_all,knowledge,0.5582099907493062,0.5572834367920778,0.5591365447065346,0.7499340525080871,0.7213995988454232,0.778468506170751,0.56 (0.56 - 0.56),0.75 (0.72 - 0.78)
296,0.2,False,Entail.ONESHOT,Entail.GPT,entropy,cluster_correct_oneshot_most,knowledge,0.667418131359852,0.6665278584028522,0.6683084043168517,0.6923741695537775,0.6607362591711157,0.7240120799364393,0.67 (0.67 - 0.67),0.69 (0.66 - 0.72)
297,0.2,False,Entail.ONESHOT,Entail.GPT,entropy,cluster_correct_strict,reasoning,0.3460033955857385,0.34479765486607694,0.34720913630540007,0.7045072574484339,0.6587058146484357,0.7503087002484321,0.35 (0.34 - 0.35),0.70 (0.66 - 0.75)
298,0.2,False,Entail.ONESHOT,Entail.GPT,entropy,cluster_correct_relaxed,reasoning,0.39216808149405774,0.39095142256630777,0.3933847404218077,0.6964255483808557,0.6519823102640543,0.7408687864976571,0.39 (0.39 - 0.39),0.70 (0.65 - 0.74)
299,0.2,False,Entail.ONESHOT,Entail.GPT,entropy,cluster_correct_majority,reasoning,0.36791850594227504,0.3666715097338146,0.36916550215073546,0.7019288054810844,0.6568391285040096,0.7470184824581592,0.37 (0.37 - 0.37),0.70 (0.66 - 0.75)
300,0.2,False,Entail.ONESHOT,Entail.GPT,entropy,cluster_correct_lowest,reasoning,0.3754821731748727,0.37429954329962956,0.37666480305011585,0.7012713948455636,0.6564650175339384,0.7460777721571887,0.38 (0.37 - 0.38),0.70 (0.66 - 0.75)
301,0.2,False,Entail.ONESHOT,Entail.GPT,entropy,cluster_correct_oneshot_all,reasoning,0.32312393887945673,0.3219649639508193,0.32428291380809415,0.7619443345205118,0.7180671746738045,0.8058214943672191,0.32 (0.32 - 0.32),0.76 (0.72 - 0.81)
302,0.2,False,Entail.ONESHOT,Entail.GPT,entropy,cluster_correct_oneshot_most,reasoning,0.5042597623089983,0.5029733121130552,0.5055462125049414,0.6278654121119875,0.583111791657338,0.6726190325666371,0.50 (0.50 - 0.51),0.63 (0.58 - 0.67)
303,0.2,False,Entail.ONESHOT,Entail.GPT,entropy,cluster_correct_strict,short,0.7861142857142859,0.7830504643513471,0.7891781070772247,0.736969696969697,0.6088483702033743,0.8650910237360198,0.79 (0.78 - 0.79),0.74 (0.61 - 0.87)
304,0.2,False,Entail.ONESHOT,Entail.GPT,entropy,cluster_correct_relaxed,short,0.8012714285714286,0.7983035502154309,0.8042393069274264,0.7691326530612246,0.6476279594009573,0.8906373467214919,0.80 (0.80 - 0.80),0.77 (0.65 - 0.89)
305,0.2,False,Entail.ONESHOT,Entail.GPT,entropy,cluster_correct_majority,short,0.7870285714285715,0.783974448277158,0.790082694579985,0.736969696969697,0.6088483702033743,0.8650910237360198,0.79 (0.78 - 0.79),0.74 (0.61 - 0.87)
306,0.2,False,Entail.ONESHOT,Entail.GPT,entropy,cluster_correct_lowest,short,0.7841714285714286,0.7811043949191842,0.7872384622236731,0.736969696969697,0.6088483702033743,0.8650910237360198,0.78 (0.78 - 0.79),0.74 (0.61 - 0.87)
307,0.2,False,Entail.ONESHOT,Entail.GPT,entropy,cluster_correct_oneshot_all,short,0.7720428571428573,0.7689767419486743,0.7751089723370402,0.7824074074074074,0.668782110426511,0.8960327043883038,0.77 (0.77 - 0.78),0.78 (0.67 - 0.90)
308,0.2,False,Entail.ONESHOT,Entail.GPT,entropy,cluster_correct_oneshot_most,short,0.8282714285714288,0.8255290634870536,0.831013793655804,0.7169540229885057,0.5743024872308756,0.8596055587461359,0.83 (0.83 - 0.83),0.72 (0.57 - 0.86)
309,0.2,False,Entail.ONESHOT,Entail.GPT,entropy,cluster_correct_strict,long,0.39888481675392673,0.39758335276680434,0.4001862807410491,0.6889524535977625,0.6437560185370284,0.7341488886584966,0.40 (0.40 - 0.40),0.69 (0.64 - 0.73)
310,0.2,False,Entail.ONESHOT,Entail.GPT,entropy,cluster_correct_relaxed,long,0.4762547993019197,0.4749251483350931,0.47758445026874635,0.6615873015873016,0.6170563814238709,0.7061182217507324,0.48 (0.47 - 0.48),0.66 (0.62 - 0.71)
311,0.2,False,Entail.ONESHOT,Entail.GPT,entropy,cluster_correct_majority,long,0.43390750436300174,0.43260892458047007,0.4352060841455334,0.6823076923076923,0.6377743087281229,0.7268410758872617,0.43 (0.43 - 0.44),0.68 (0.64 - 0.73)
312,0.2,False,Entail.ONESHOT,Entail.GPT,entropy,cluster_correct_lowest,long,0.43284467713787084,0.4315827998915444,0.43410655438419726,0.6637344913151365,0.6184921462394954,0.7089768363907776,0.43 (0.43 - 0.43),0.66 (0.62 - 0.71)
313,0.2,False,Entail.ONESHOT,Entail.GPT,entropy,cluster_correct_oneshot_all,long,0.4482705061082024,0.4470238083648342,0.4495172038515706,0.7550115746441413,0.714573718154927,0.7954494311333555,0.45 (0.45 - 0.45),0.76 (0.71 - 0.80)
314,0.2,False,Entail.ONESHOT,Entail.GPT,entropy,cluster_correct_oneshot_most,long,0.6349493891797556,0.6336823757050313,0.63621640265448,0.6607897153351698,0.6162212586107051,0.7053581720596346,0.63 (0.63 - 0.64),0.66 (0.62 - 0.71)
315,0.2,False,Entail.ONESHOT,Entail.GPT,dentropy,cluster_correct_strict,full,0.45469221556886225,0.45392380093666074,0.45546063020106375,0.6969754819227448,0.6715475764662794,0.7224033873792103,0.45 (0.45 - 0.46),0.70 (0.67 - 0.72)
316,0.2,False,Entail.ONESHOT,Entail.GPT,dentropy,cluster_correct_relaxed,full,0.5130395209580838,0.5122657269888823,0.5138133149272853,0.6926110276271957,0.6675618001443616,0.7176602551100298,0.51 (0.51 - 0.51),0.69 (0.67 - 0.72)
317,0.2,False,Entail.ONESHOT,Entail.GPT,dentropy,cluster_correct_majority,full,0.4809251497005988,0.48017158608847105,0.48167871331272655,0.7011851826318751,0.6761473736483281,0.7262229916154221,0.48 (0.48 - 0.48),0.70 (0.68 - 0.73)
318,0.2,False,Entail.ONESHOT,Entail.GPT,dentropy,cluster_correct_lowest,full,0.48313832335329343,0.4824133063771264,0.48386334032946043,0.6951931319379531,0.6700051190559901,0.720381144819916,0.48 (0.48 - 0.48),0.70 (0.67 - 0.72)
319,0.2,False,Entail.ONESHOT,Entail.GPT,dentropy,cluster_correct_oneshot_all,full,0.47538922155688623,0.4746479764840373,0.4761304666297352,0.7565495497049791,0.7332615938373295,0.7798375055726288,0.48 (0.47 - 0.48),0.76 (0.73 - 0.78)
320,0.2,False,Entail.ONESHOT,Entail.GPT,dentropy,cluster_correct_oneshot_most,full,0.6101407185628742,0.6093993910090278,0.6108820461167206,0.6764500602228926,0.6509724838418162,0.701927636603969,0.61 (0.61 - 0.61),0.68 (0.65 - 0.70)
321,0.2,False,Entail.ONESHOT,Entail.GPT,dentropy,cluster_correct_strict,part1,0.5375070422535211,0.5364112041614465,0.5386028803455957,0.6943378182297851,0.6579214887847382,0.730754147674832,0.54 (0.54 - 0.54),0.69 (0.66 - 0.73)
322,0.2,False,Entail.ONESHOT,Entail.GPT,dentropy,cluster_correct_relaxed,part1,0.5910537772087069,0.5899638544531777,0.5921436999642361,0.6881624123003433,0.6515061106420161,0.7248187139586704,0.59 (0.59 - 0.59),0.69 (0.65 - 0.72)
323,0.2,False,Entail.ONESHOT,Entail.GPT,dentropy,cluster_correct_majority,part1,0.5656901408450703,0.5645900023472481,0.5667902793428925,0.6972730548992913,0.6610586497808879,0.7334874600176946,0.57 (0.56 - 0.57),0.70 (0.66 - 0.73)
324,0.2,False,Entail.ONESHOT,Entail.GPT,dentropy,cluster_correct_lowest,part1,0.564067861715749,0.5629683615873222,0.5651673618441757,0.6949479791916767,0.6586299049434868,0.7312660534398666,0.56 (0.56 - 0.57),0.69 (0.66 - 0.73)
325,0.2,False,Entail.ONESHOT,Entail.GPT,dentropy,cluster_correct_oneshot_all,part1,0.5755300896286812,0.574438859845903,0.5766213194114594,0.7422994293387043,0.7083514210821872,0.7762474375952214,0.58 (0.57 - 0.58),0.74 (0.71 - 0.78)
326,0.2,False,Entail.ONESHOT,Entail.GPT,dentropy,cluster_correct_oneshot_most,part1,0.6863188220230475,0.6853079385318672,0.6873297055142278,0.6775738653670423,0.6392348619383084,0.7159128687957763,0.69 (0.69 - 0.69),0.68 (0.64 - 0.72)
327,0.2,False,Entail.ONESHOT,Entail.GPT,dentropy,cluster_correct_strict,part2,0.380355455568054,0.37934626117231557,0.38136464996379243,0.6883185840707965,0.6515925048854552,0.7250446632561378,0.38 (0.38 - 0.38),0.69 (0.65 - 0.73)
328,0.2,False,Entail.ONESHOT,Entail.GPT,dentropy,cluster_correct_relaxed,part2,0.4446929133858268,0.443631225202251,0.44575460156940255,0.6860323886639673,0.6506191574101649,0.7214456199177698,0.44 (0.44 - 0.45),0.69 (0.65 - 0.72)
329,0.2,False,Entail.ONESHOT,Entail.GPT,dentropy,cluster_correct_majority,part2,0.4069460067491563,0.4059156892942386,0.40797632420407404,0.6938759998741966,0.6579898762386196,0.7297621235097735,0.41 (0.41 - 0.41),0.69 (0.66 - 0.73)
330,0.2,False,Entail.ONESHOT,Entail.GPT,dentropy,cluster_correct_lowest,part2,0.41089201349831267,0.40986375378538753,0.4119202732112378,0.6843348065490183,0.6482312844802803,0.7204383286177564,0.41 (0.41 - 0.41),0.68 (0.65 - 0.72)
331,0.2,False,Entail.ONESHOT,Entail.GPT,dentropy,cluster_correct_oneshot_all,part2,0.3863655793025872,0.3854032440979078,0.38732791450726656,0.7605451248133134,0.7269597169822096,0.7941305326444171,0.39 (0.39 - 0.39),0.76 (0.73 - 0.79)
332,0.2,False,Entail.ONESHOT,Entail.GPT,dentropy,cluster_correct_oneshot_most,part2,0.5427885264341957,0.5417577134863367,0.5438193393820547,0.66388489428755,0.6286598477066867,0.6991099408684134,0.54 (0.54 - 0.54),0.66 (0.63 - 0.70)
333,0.2,False,Entail.ONESHOT,Entail.GPT,dentropy,cluster_correct_strict,knowledge,0.5136669750231267,0.5127017820513216,0.5146321679949319,0.6801647655259824,0.6486118112843946,0.7117177197675701,0.51 (0.51 - 0.51),0.68 (0.65 - 0.71)
334,0.2,False,Entail.ONESHOT,Entail.GPT,dentropy,cluster_correct_relaxed,knowledge,0.5792479185938946,0.5782937867071355,0.5802020504806537,0.6717094407190254,0.6400084989875889,0.7034103824504618,0.58 (0.58 - 0.58),0.67 (0.64 - 0.70)
335,0.2,False,Entail.ONESHOT,Entail.GPT,dentropy,cluster_correct_majority,knowledge,0.5443857539315449,0.5434272587714516,0.5453442490916381,0.6837441873301044,0.6524461947881508,0.7150421798720581,0.54 (0.54 - 0.55),0.68 (0.65 - 0.72)
336,0.2,False,Entail.ONESHOT,Entail.GPT,dentropy,cluster_correct_lowest,knowledge,0.5425013876040703,0.5415794924405509,0.5434232827675897,0.6768779949667322,0.6453453564684369,0.7084106334650274,0.54 (0.54 - 0.54),0.68 (0.65 - 0.71)
337,0.2,False,Entail.ONESHOT,Entail.GPT,dentropy,cluster_correct_oneshot_all,knowledge,0.5593034227567069,0.5583361991650038,0.56027064634841,0.7348737279075902,0.7056384932007623,0.7641089626144181,0.56 (0.56 - 0.56),0.73 (0.71 - 0.76)
338,0.2,False,Entail.ONESHOT,Entail.GPT,dentropy,cluster_correct_oneshot_most,knowledge,0.6677520814061054,0.6668584529129696,0.6686457098992412,0.6810797151212586,0.6489642224065669,0.7131952078359504,0.67 (0.67 - 0.67),0.68 (0.65 - 0.71)
339,0.2,False,Entail.ONESHOT,Entail.GPT,dentropy,cluster_correct_strict,reasoning,0.34691680814940584,0.3456603988075985,0.34817321749121316,0.6930672268907563,0.6467850787767272,0.7393493750047854,0.35 (0.35 - 0.35),0.69 (0.65 - 0.74)
340,0.2,False,Entail.ONESHOT,Entail.GPT,dentropy,cluster_correct_relaxed,reasoning,0.39326146010186763,0.3920743204321019,0.3944485997716334,0.6912742750731578,0.6466156741025173,0.7359328760437982,0.39 (0.39 - 0.39),0.69 (0.65 - 0.74)
341,0.2,False,Entail.ONESHOT,Entail.GPT,dentropy,cluster_correct_majority,reasoning,0.3679151103565365,0.36666523671969803,0.369164983993375,0.6967220236322114,0.651410238806965,0.7420338084574577,0.37 (0.37 - 0.37),0.70 (0.65 - 0.74)
342,0.2,False,Entail.ONESHOT,Entail.GPT,dentropy,cluster_correct_lowest,reasoning,0.3757504244482173,0.3745120623553242,0.37698878654111045,0.696396075152469,0.6513813378211727,0.7414108124837654,0.38 (0.37 - 0.38),0.70 (0.65 - 0.74)
343,0.2,False,Entail.ONESHOT,Entail.GPT,dentropy,cluster_correct_oneshot_all,reasoning,0.3223616298811545,0.32121542919732765,0.3235078305649814,0.758283867563646,0.714179116896852,0.8023886182304399,0.32 (0.32 - 0.32),0.76 (0.71 - 0.80)
344,0.2,False,Entail.ONESHOT,Entail.GPT,dentropy,cluster_correct_oneshot_most,reasoning,0.5036926994906621,0.50246780182515,0.5049175971561741,0.6318781421521148,0.5872467430762347,0.6765095412279949,0.50 (0.50 - 0.50),0.63 (0.59 - 0.68)
345,0.2,False,Entail.ONESHOT,Entail.GPT,dentropy,cluster_correct_strict,short,0.7892,0.78616558740841,0.79223441259159,0.5836363636363636,0.42573669723821583,0.7415360300345114,0.79 (0.79 - 0.79),0.58 (0.43 - 0.74)
346,0.2,False,Entail.ONESHOT,Entail.GPT,dentropy,cluster_correct_relaxed,short,0.8005285714285715,0.7976303846326592,0.8034267582244837,0.5963010204081634,0.4364081853361651,0.7561938554801616,0.80 (0.80 - 0.80),0.60 (0.44 - 0.76)
347,0.2,False,Entail.ONESHOT,Entail.GPT,dentropy,cluster_correct_majority,short,0.7864428571428573,0.7834867149243571,0.7893989993613576,0.5836363636363636,0.42573669723821583,0.7415360300345114,0.79 (0.78 - 0.79),0.58 (0.43 - 0.74)
348,0.2,False,Entail.ONESHOT,Entail.GPT,dentropy,cluster_correct_lowest,short,0.7860857142857143,0.7830182987585971,0.7891531298128315,0.5836363636363636,0.42573669723821583,0.7415360300345114,0.79 (0.78 - 0.79),0.58 (0.43 - 0.74)
349,0.2,False,Entail.ONESHOT,Entail.GPT,dentropy,cluster_correct_oneshot_all,short,0.7710571428571429,0.7678696501095433,0.7742446356047424,0.7077546296296297,0.5748638011275792,0.8406454581316801,0.77 (0.77 - 0.77),0.71 (0.57 - 0.84)
350,0.2,False,Entail.ONESHOT,Entail.GPT,dentropy,cluster_correct_oneshot_most,short,0.828757142857143,0.825986298310078,0.831527987404208,0.5833333333333334,0.4122510246431908,0.754415642023476,0.83 (0.83 - 0.83),0.58 (0.41 - 0.75)
351,0.2,False,Entail.ONESHOT,Entail.GPT,dentropy,cluster_correct_strict,long,0.39895636998254796,0.39771580420601116,0.40019693575908477,0.6702008644800407,0.6242815307525329,0.7161201982075485,0.40 (0.40 - 0.40),0.67 (0.62 - 0.72)
352,0.2,False,Entail.ONESHOT,Entail.GPT,dentropy,cluster_correct_relaxed,long,0.47689703315881327,0.4755680309194156,0.47822603539821096,0.6543284493284492,0.6095337255376209,0.6991231731192776,0.48 (0.48 - 0.48),0.65 (0.61 - 0.70)
353,0.2,False,Entail.ONESHOT,Entail.GPT,dentropy,cluster_correct_majority,long,0.43305061082024426,0.4317589712299153,0.4343422504105732,0.6719478908188586,0.6270076509149888,0.7168881307227285,0.43 (0.43 - 0.43),0.67 (0.63 - 0.72)
354,0.2,False,Entail.ONESHOT,Entail.GPT,dentropy,cluster_correct_lowest,long,0.4328534031413612,0.4315485179422837,0.43415828834043874,0.6547084367245658,0.6091546601235281,0.7002622133256035,0.43 (0.43 - 0.43),0.65 (0.61 - 0.70)
355,0.2,False,Entail.ONESHOT,Entail.GPT,dentropy,cluster_correct_oneshot_all,long,0.44849214659685865,0.44725861686611385,0.44972567632760346,0.7366337487070876,0.6950992253472628,0.7781682720669125,0.45 (0.45 - 0.45),0.74 (0.70 - 0.78)
356,0.2,False,Entail.ONESHOT,Entail.GPT,dentropy,cluster_correct_oneshot_most,long,0.6325986038394414,0.6313437934922529,0.63385341418663,0.6476059294241112,0.6024273666944049,0.6927844921538175,0.63 (0.63 - 0.63),0.65 (0.60 - 0.69)
357,0.2,False,Entail.ONESHOT,Entail.GPT,perplexity,perplexity_correct,full,0.5250329341317365,0.5242634143751818,0.5258024538882912,0.5787348248140441,0.5514949398320025,0.6059747097960858,0.53 (0.52 - 0.53),0.58 (0.55 - 0.61)
358,0.2,False,Entail.ONESHOT,Entail.GPT,perplexity,perplexity_correct,part1,0.6076555697823304,0.6065679535593136,0.6087431860053472,0.6151610110089473,0.5757132874567062,0.6546087345611883,0.61 (0.61 - 0.61),0.62 (0.58 - 0.65)
359,0.2,False,Entail.ONESHOT,Entail.GPT,perplexity,perplexity_correct,part2,0.45366366704161976,0.4526097839802701,0.45471755010296944,0.5613403588313983,0.5234063481405388,0.5992743695222579,0.45 (0.45 - 0.45),0.56 (0.52 - 0.60)
360,0.2,False,Entail.ONESHOT,Entail.GPT,perplexity,perplexity_correct,knowledge,0.5846447733580019,0.5837013169744476,0.5855882297415562,0.6418993684982097,0.6092513351469492,0.6745474018494703,0.58 (0.58 - 0.59),0.64 (0.61 - 0.67)
361,0.2,False,Entail.ONESHOT,Entail.GPT,perplexity,perplexity_correct,reasoning,0.4157011884550085,0.41441253666335537,0.4169898402466616,0.6087921214997627,0.5622651335601759,0.6553191094393495,0.42 (0.41 - 0.42),0.61 (0.56 - 0.66)
362,0.2,False,Entail.ONESHOT,Entail.GPT,perplexity,perplexity_correct,short,0.7720285714285715,0.7687945731255417,0.7752625697316013,0.7708333333333334,0.6538930537437991,0.8877736129228676,0.77 (0.77 - 0.78),0.77 (0.65 - 0.89)
363,0.2,False,Entail.ONESHOT,Entail.GPT,perplexity,perplexity_correct,long,0.47393717277486913,0.47265416458739,0.47522018096234825,0.6342403655824638,0.5887403343525107,0.6797403968124168,0.47 (0.47 - 0.48),0.63 (0.59 - 0.68)
